,"Mortality rate attributed to unintentional poisoning (per 100 000 population)","Mortality rate attributed to unintentional poisoning (per 100 000 population)","Mortality rate attributed to unintentional poisoning (per 100 000 population)","Mortality rate attributed to unintentional poisoning (per 100 000 population)","Mortality rate attributed to unintentional poisoning (per 100 000 population)","Mortality rate attributed to unintentional poisoning (per 100 000 population)","Mortality rate attributed to unintentional poisoning (per 100 000 population)","Mortality rate attributed to unintentional poisoning (per 100 000 population)","Mortality rate attributed to unintentional poisoning (per 100 000 population)","Mortality rate attributed to unintentional poisoning (per 100 000 population)","Mortality rate attributed to unintentional poisoning (per 100 000 population)","Mortality rate attributed to unintentional poisoning (per 100 000 population)","Mortality rate attributed to unintentional poisoning (per 100 000 population)","Mortality rate attributed to unintentional poisoning (per 100 000 population)","Mortality rate attributed to unintentional poisoning (per 100 000 population)","Mortality rate attributed to unintentional poisoning (per 100 000 population)","Mortality rate attributed to unintentional poisoning (per 100 000 population)","Mortality rate attributed to unintentional poisoning (per 100 000 population)","Mortality rate attributed to unintentional poisoning (per 100 000 population)","Mortality rate attributed to unintentional poisoning (per 100 000 population)"
,"2019","2018","2017","2016","2015","2014","2013","2012","2011","2010","2009","2008","2007","2006","2005","2004","2003","2002","2001","2000"
"Country","Both sexes","Both sexes","Both sexes","Both sexes","Both sexes","Both sexes","Both sexes","Both sexes","Both sexes","Both sexes","Both sexes","Both sexes","Both sexes","Both sexes","Both sexes","Both sexes","Both sexes","Both sexes","Both sexes","Both sexes"
"Afghanistan","1.0 [0.4-2.0]","0.9 [0.4-1.8]","1.1 [0.5-2.2]","1.0 [0.4-1.9]","1.1 [0.4-2.1]","1.2 [0.5-2.5]","1.5 [0.6-3.0]","1.5 [0.6-3.0]","1.6 [0.7-3.3]","1.7 [0.7-3.5]","1.8 [0.7-3.7]","1.9 [0.8-3.8]","1.9 [0.8-3.9]","1.9 [0.8-3.9]","2.3 [0.9-4.7]","2.4 [1.0-5.1]","2.5 [1.0-5.2]","2.3 [0.9-4.9]","2.0 [0.7-4.2]","2.1 [0.8-4.4]"
"Albania","0.3 [0.2-0.5]","0.3 [0.2-0.5]","0.3 [0.2-0.5]","0.3 [0.2-0.5]","0.3 [0.2-0.5]","0.3 [0.2-0.5]","0.4 [0.2-0.6]","0.4 [0.2-0.6]","0.5 [0.3-0.8]","0.5 [0.3-0.8]","0.5 [0.3-0.8]","0.5 [0.3-0.8]","0.6 [0.4-0.8]","0.5 [0.3-0.8]","0.6 [0.4-0.9]","0.5 [0.3-0.8]","0.6 [0.4-0.9]","0.7 [0.4-1.0]","0.7 [0.4-1.1]","0.8 [0.4-1.2]"
"Algeria","0.7 [0.2-1.4]","0.7 [0.2-1.4]","0.7 [0.2-1.4]","0.7 [0.3-1.5]","0.7 [0.3-1.6]","0.8 [0.3-1.6]","0.8 [0.3-1.6]","0.8 [0.3-1.6]","0.8 [0.3-1.7]","0.8 [0.3-1.7]","0.8 [0.3-1.7]","0.9 [0.3-1.8]","0.9 [0.3-1.9]","1.0 [0.4-2.0]","1.0 [0.4-2.1]","1.0 [0.4-2.2]","1.0 [0.4-2.1]","1.1 [0.4-2.3]","1.1 [0.4-2.3]","1.2 [0.4-2.4]"
"Angola","2.0 [0.8-4.4]","2.0 [0.8-4.4]","2.1 [0.8-4.6]","2.2 [0.9-4.8]","2.4 [0.9-5.0]","2.4 [0.9-4.9]","2.6 [1.1-5.4]","2.8 [1.1-5.6]","2.8 [1.2-5.7]","3.0 [1.2-6.0]","3.0 [1.2-6.0]","3.3 [1.4-6.7]","3.4 [1.4-6.8]","3.6 [1.5-7.3]","3.6 [1.5-7.3]","3.7 [1.5-7.6]","3.7 [1.5-7.8]","3.6 [1.4-7.7]","3.5 [1.4-7.5]","3.6 [1.4-7.7]"
"Antigua and Barbuda","0.7 [0.5-1.0]","0.8 [0.5-1.0]","1.1 [0.8-1.5]","0.8 [0.5-1.1]","0.6 [0.4-0.8]","0.6 [0.5-0.8]","0.6 [0.5-0.8]","0.0 [0.0-0.0]","0.7 [0.5-0.9]","0.7 [0.5-1.0]","1.0 [0.7-1.4]","0.8 [0.6-1.2]","0.3 [0.2-0.4]","0.1 [0.0-0.1]","0.1 [0.0-0.1]","0.7 [0.5-1.0]","1.0 [0.7-1.4]","1.0 [0.7-1.3]","0.5 [0.4-0.6]","0.3 [0.2-0.4]"
"Argentina","0.4 [0.3-0.6]","0.5 [0.4-0.7]","0.5 [0.3-0.7]","0.4 [0.3-0.6]","0.5 [0.4-0.7]","0.6 [0.4-0.7]","0.7 [0.5-0.9]","0.6 [0.5-0.8]","0.6 [0.5-0.8]","0.6 [0.4-0.7]","0.6 [0.4-0.7]","0.5 [0.4-0.7]","0.8 [0.6-1.0]","0.5 [0.4-0.6]","1.0 [0.8-1.2]","0.6 [0.4-0.7]","0.5 [0.4-0.7]","0.6 [0.4-0.7]","0.5 [0.4-0.6]","0.6 [0.4-0.7]"
"Armenia","0.7 [0.5-0.9]","0.7 [0.5-0.9]","0.9 [0.6-1.2]","0.8 [0.6-1.1]","0.9 [0.7-1.2]","1.3 [0.9-1.7]","0.8 [0.6-1.1]","1.1 [0.8-1.5]","0.6 [0.4-0.8]","1.2 [0.8-1.6]","0.8 [0.6-1.0]","1.3 [0.9-1.7]","1.2 [0.9-1.6]","1.4 [1.0-1.9]","1.2 [0.9-1.6]","1.1 [0.8-1.5]","1.1 [0.8-1.4]","1.1 [0.8-1.5]","1.1 [0.8-1.5]","1.0 [0.7-1.3]"
"Australia","0.1 [0.1-0.2]","0.1 [0.1-0.2]","0.1 [0.1-0.2]","0.1 [0.1-0.2]","0.1 [0.1-0.2]","0.2 [0.1-0.2]","0.2 [0.2-0.3]","0.2 [0.1-0.2]","0.2 [0.2-0.3]","0.2 [0.1-0.2]","0.1 [0.1-0.2]","0.2 [0.1-0.2]","0.2 [0.1-0.3]","0.2 [0.2-0.3]","0.3 [0.2-0.4]","0.4 [0.3-0.5]","0.4 [0.3-0.5]","0.3 [0.2-0.4]","0.3 [0.2-0.4]","0.4 [0.3-0.5]"
"Austria","0.2 [0.1-0.2]","0.1 [0.0-0.1]","0.1 [0.1-0.2]","0.1 [0.1-0.2]","0.1 [0.1-0.2]","0.2 [0.1-0.2]","0.2 [0.1-0.2]","0.2 [0.2-0.3]","0.2 [0.2-0.3]","0.3 [0.2-0.4]","0.2 [0.2-0.3]","0.2 [0.2-0.3]","0.4 [0.3-0.5]","0.3 [0.2-0.4]","0.2 [0.1-0.2]","0.1 [0.1-0.2]","0.2 [0.1-0.3]","0.2 [0.1-0.3]","0.2 [0.1-0.2]","0.2 [0.1-0.3]"
"Azerbaijan","0.9 [0.4-1.8]","0.9 [0.4-1.8]","0.9 [0.4-1.8]","0.9 [0.4-1.7]","0.9 [0.4-1.8]","0.9 [0.4-1.8]","0.9 [0.4-1.8]","1.0 [0.4-1.8]","1.0 [0.5-1.8]","1.0 [0.5-1.8]","1.0 [0.5-1.8]","1.0 [0.5-1.8]","1.0 [0.5-1.8]","1.0 [0.5-1.8]","1.0 [0.5-1.8]","1.0 [0.5-1.7]","1.0 [0.6-1.7]","1.1 [0.6-1.8]","1.1 [0.7-1.9]","1.3 [0.8-2.1]"
"Bahamas","0.2 [0.1-0.2]","0.2 [0.1-0.3]","0.2 [0.1-0.2]","0.2 [0.1-0.3]","0.2 [0.1-0.2]","0.2 [0.1-0.2]","0.2 [0.1-0.2]","0.2 [0.1-0.3]","0.2 [0.1-0.3]","0.2 [0.1-0.3]","0.2 [0.1-0.3]","0.2 [0.1-0.2]","0.2 [0.1-0.3]","0.2 [0.2-0.3]","0.2 [0.2-0.3]","0.2 [0.2-0.3]","0.2 [0.1-0.2]","0.2 [0.1-0.3]","0.2 [0.2-0.3]","0.2 [0.2-0.3]"
"Bahrain","0.3 [0.1-0.4]","0.2 [0.1-0.4]","0.2 [0.1-0.4]","0.2 [0.1-0.4]","0.2 [0.1-0.3]","0.2 [0.1-0.3]","0.2 [0.1-0.3]","0.2 [0.1-0.4]","0.2 [0.1-0.3]","0.2 [0.1-0.3]","0.2 [0.1-0.3]","0.2 [0.1-0.3]","0.2 [0.1-0.3]","0.2 [0.1-0.3]","0.2 [0.1-0.4]","0.2 [0.1-0.3]","0.2 [0.1-0.4]","0.2 [0.1-0.4]","0.2 [0.2-0.4]","0.2 [0.1-0.3]"
"Bangladesh","0.3 [0.1-0.7]","0.3 [0.1-0.6]","0.3 [0.1-0.6]","0.3 [0.1-0.6]","0.3 [0.1-0.5]","0.3 [0.1-0.5]","0.2 [0.1-0.5]","0.3 [0.1-0.5]","0.3 [0.1-0.4]","0.3 [0.1-0.5]","0.3 [0.1-0.5]","0.3 [0.2-0.5]","0.3 [0.2-0.5]","0.3 [0.1-0.5]","0.3 [0.1-0.5]","0.3 [0.1-0.4]","0.3 [0.1-0.5]","0.3 [0.1-0.5]","0.3 [0.1-0.5]","0.3 [0.2-0.6]"
"Barbados","0.7 [0.5-1.0]","0.7 [0.5-1.0]","0.6 [0.4-0.9]","0.6 [0.4-0.9]","0.6 [0.4-0.8]","0.6 [0.4-0.8]","0.3 [0.2-0.5]","0.5 [0.3-0.6]","0.8 [0.6-1.1]","0.7 [0.5-1.0]","0.5 [0.4-0.6]","0.2 [0.2-0.3]","0.0 [0.0-0.0]","0.0 [0.0-0.0]","0.1 [0.1-0.1]","0.1 [0.1-0.2]","0.3 [0.2-0.4]","0.2 [0.1-0.2]","0.2 [0.1-0.3]","0.0 [0.0-0.0]"
"Belarus","3.3 [2.0-4.9]","3.4 [2.1-4.9]","3.4 [2.2-4.8]","3.5 [2.4-4.9]","3.5 [2.4-4.9]","3.8 [2.5-5.3]","3.9 [2.7-5.5]","4.1 [2.7-5.6]","4.6 [3.1-6.4]","4.8 [3.3-6.6]","4.6 [3.2-6.3]","4.7 [3.3-6.4]","5.4 [3.9-7.3]","6.4 [4.6-8.5]","7.2 [5.2-9.5]","7.4 [5.5-9.6]","7.9 [6.0-10.2]","8.5 [6.6-10.8]","8.4 [6.8-10.4]","8.1 [6.6-9.9]"
"Belgium","0.4 [0.3-0.5]","0.4 [0.3-0.5]","0.4 [0.3-0.5]","0.3 [0.2-0.4]","0.4 [0.3-0.6]","0.4 [0.3-0.5]","0.4 [0.3-0.5]","0.4 [0.3-0.5]","0.5 [0.3-0.6]","0.6 [0.4-0.8]","0.4 [0.3-0.5]","0.5 [0.3-0.6]","0.4 [0.3-0.5]","0.4 [0.3-0.5]","0.5 [0.4-0.6]","0.6 [0.4-0.8]","0.4 [0.3-0.6]","0.5 [0.4-0.7]","0.6 [0.4-0.8]","0.5 [0.4-0.7]"
"Belize","0.4 [0.2-0.5]","0.3 [0.2-0.5]","0.4 [0.2-0.5]","0.3 [0.2-0.4]","0.3 [0.2-0.4]","0.3 [0.2-0.4]","0.3 [0.2-0.5]","0.4 [0.2-0.5]","0.4 [0.3-0.5]","0.4 [0.3-0.6]","0.4 [0.3-0.6]","0.3 [0.2-0.4]","0.4 [0.3-0.5]","0.5 [0.3-0.6]","0.5 [0.3-0.7]","0.6 [0.4-0.8]","0.6 [0.4-0.8]","0.7 [0.5-0.9]","0.6 [0.5-0.9]","0.9 [0.6-1.2]"
"Benin","2.6 [1.0-5.9]","2.7 [1.0-6.1]","2.8 [1.0-6.3]","2.8 [1.1-6.4]","2.9 [1.1-6.7]","3.0 [1.1-6.7]","3.0 [1.1-6.8]","3.0 [1.2-6.8]","3.0 [1.1-6.7]","2.9 [1.1-6.4]","2.8 [1.1-6.2]","2.8 [1.1-6.2]","2.9 [1.1-6.2]","2.9 [1.1-6.4]","3.0 [1.2-6.6]","3.1 [1.2-6.7]","3.1 [1.2-6.8]","3.2 [1.2-6.9]","3.0 [1.2-6.4]","3.1 [1.2-6.7]"
"Bhutan","0.2 [0.1-0.6]","0.3 [0.1-0.7]","0.3 [0.1-0.7]","0.3 [0.1-0.7]","0.3 [0.1-0.7]","0.3 [0.1-0.7]","0.3 [0.1-0.8]","0.3 [0.1-0.8]","0.3 [0.1-0.8]","0.3 [0.1-0.8]","0.3 [0.1-0.8]","0.4 [0.1-0.9]","0.4 [0.1-1.0]","0.4 [0.1-1.1]","0.4 [0.1-1.1]","0.5 [0.1-1.2]","0.5 [0.2-1.2]","0.5 [0.2-1.3]","0.5 [0.2-1.3]","0.5 [0.2-1.2]"
"Bolivia (Plurinational State of)","0.6 [0.2-1.1]","0.6 [0.2-1.2]","0.6 [0.2-1.2]","0.6 [0.3-1.3]","0.6 [0.3-1.2]","0.6 [0.3-1.2]","0.6 [0.2-1.2]","0.6 [0.3-1.3]","0.7 [0.3-1.3]","0.7 [0.3-1.4]","0.7 [0.3-1.4]","0.7 [0.3-1.5]","0.8 [0.3-1.5]","0.8 [0.3-1.6]","0.8 [0.3-1.7]","0.9 [0.3-1.8]","0.9 [0.4-1.9]","1.0 [0.4-2.0]","1.0 [0.4-2.1]","1.1 [0.4-2.3]"
"Bosnia and Herzegovina","0.4 [0.2-0.8]","0.4 [0.2-0.8]","0.4 [0.2-0.8]","0.4 [0.2-0.8]","0.4 [0.2-0.8]","0.4 [0.2-0.7]","0.4 [0.2-0.8]","0.4 [0.2-0.8]","0.4 [0.2-0.8]","0.4 [0.2-0.8]","0.4 [0.2-0.8]","0.4 [0.2-0.8]","0.5 [0.2-0.9]","0.4 [0.2-0.8]","0.5 [0.2-0.8]","0.4 [0.2-0.8]","0.5 [0.2-0.9]","0.5 [0.2-0.9]","0.6 [0.3-1.0]","0.7 [0.3-1.2]"
"Botswana","1.8 [0.6-4.3]","2.0 [0.7-4.6]","2.0 [0.7-4.6]","2.0 [0.7-4.5]","2.0 [0.7-4.5]","1.9 [0.7-4.3]","1.9 [0.7-4.2]","1.9 [0.7-4.2]","1.9 [0.7-4.2]","2.0 [0.7-4.3]","2.1 [0.8-4.5]","2.4 [0.9-5.2]","2.6 [0.9-5.6]","2.7 [1.0-6.0]","3.0 [1.1-6.8]","2.9 [1.0-6.6]","2.9 [1.0-6.4]","3.1 [1.0-6.9]","3.3 [1.1-7.5]","3.4 [1.2-7.7]"
"Brazil","0.1 [0.1-0.2]","0.2 [0.1-0.2]","0.2 [0.1-0.2]","0.1 [0.1-0.2]","0.2 [0.2-0.2]","0.2 [0.2-0.2]","0.1 [0.1-0.1]","0.1 [0.1-0.1]","0.1 [0.1-0.1]","0.1 [0.1-0.1]","0.1 [0.1-0.1]","0.1 [0.1-0.1]","0.1 [0.1-0.1]","0.1 [0.1-0.1]","0.1 [0.1-0.1]","0.1 [0.1-0.1]","0.1 [0.1-0.1]","0.1 [0.1-0.1]","0.1 [0.1-0.1]","0.1 [0.1-0.2]"
"Brunei Darussalam","0.0 [0.0-0.0]","0.0 [0.0-0.0]","0.0 [0.0-0.0]","0.4 [0.2-0.6]","0.6 [0.4-1.0]","0.7 [0.4-1.1]","0.2 [0.1-0.4]","0.9 [0.6-1.4]","0.2 [0.1-0.3]","0.3 [0.2-0.5]","0.2 [0.1-0.3]","0.3 [0.2-0.4]","0.3 [0.2-0.5]","0.2 [0.2-0.4]","0.4 [0.3-0.6]","0.3 [0.2-0.4]","0.4 [0.3-0.6]","0.2 [0.1-0.3]","0.3 [0.2-0.5]","0.4 [0.2-0.5]"
"Bulgaria","0.5 [0.4-0.8]","0.5 [0.3-0.6]","0.8 [0.6-1.1]","0.4 [0.3-0.6]","0.8 [0.6-1.0]","0.6 [0.4-0.8]","0.6 [0.5-0.8]","0.5 [0.4-0.7]","0.7 [0.5-0.9]","0.8 [0.6-1.1]","0.7 [0.6-1.0]","0.9 [0.7-1.2]","1.0 [0.7-1.3]","0.8 [0.6-1.1]","1.1 [0.8-1.5]","0.9 [0.7-1.2]","1.0 [0.7-1.3]","1.0 [0.7-1.2]","1.0 [0.7-1.3]","1.0 [0.8-1.3]"
"Burkina Faso","3.1 [1.2-6.6]","3.0 [1.1-6.5]","3.3 [1.3-7.3]","3.4 [1.3-7.4]","3.4 [1.3-7.4]","3.4 [1.3-7.1]","3.2 [1.3-6.6]","2.8 [1.2-5.5]","2.9 [1.2-5.8]","2.9 [1.2-5.7]","2.9 [1.2-5.7]","3.0 [1.3-6.0]","3.1 [1.3-6.2]","3.2 [1.3-6.4]","3.2 [1.4-6.5]","3.2 [1.4-6.5]","3.3 [1.4-6.6]","3.4 [1.5-6.9]","3.3 [1.4-6.6]","3.5 [1.5-6.8]"
"Burundi","3.2 [1.1-8.0]","3.3 [1.1-8.1]","3.4 [1.2-8.3]","3.5 [1.2-8.4]","3.6 [1.2-8.6]","3.8 [1.3-9.3]","4.0 [1.4-9.7]","4.2 [1.4-10.1]","4.1 [1.4-9.8]","4.3 [1.5-10.1]","4.3 [1.5-10.3]","4.5 [1.6-10.8]","4.7 [1.7-11.1]","4.8 [1.7-11.3]","2.4 [1.0-4.9]","2.6 [1.1-5.3]","2.7 [1.2-5.5]","2.9 [1.3-5.9]","3.1 [1.3-6.3]","3.3 [1.4-6.7]"
"Cabo Verde","0.4 [0.2-0.9]","0.4 [0.2-0.9]","0.4 [0.2-0.8]","0.4 [0.2-0.8]","0.4 [0.2-0.8]","0.5 [0.2-0.8]","0.5 [0.2-0.9]","0.5 [0.2-0.9]","0.5 [0.2-0.9]","0.5 [0.2-0.9]","0.5 [0.2-0.9]","0.5 [0.2-0.9]","0.5 [0.2-0.9]","0.5 [0.2-0.9]","0.5 [0.2-1.0]","0.5 [0.2-1.0]","0.5 [0.2-1.0]","0.5 [0.2-1.0]","0.5 [0.2-1.0]","0.5 [0.2-1.1]"
"Cambodia","0.5 [0.2-0.9]","0.5 [0.2-0.9]","0.5 [0.2-0.9]","0.5 [0.2-1.0]","0.5 [0.2-1.0]","0.5 [0.2-1.0]","0.5 [0.2-1.1]","0.6 [0.2-1.1]","0.6 [0.2-1.1]","0.6 [0.2-1.2]","0.6 [0.2-1.2]","0.6 [0.3-1.3]","0.7 [0.3-1.4]","0.7 [0.3-1.4]","0.7 [0.3-1.5]","0.8 [0.3-1.6]","0.8 [0.3-1.7]","0.8 [0.3-1.8]","0.9 [0.3-1.9]","0.9 [0.3-2.0]"
"Cameroon","2.6 [0.9-5.8]","2.6 [1.0-5.8]","2.7 [1.0-6.0]","2.8 [1.0-6.2]","2.9 [1.1-6.3]","3.0 [1.1-6.7]","3.2 [1.2-7.1]","3.3 [1.2-7.2]","3.3 [1.2-7.2]","3.3 [1.3-7.2]","3.3 [1.2-7.1]","3.2 [1.2-6.8]","3.1 [1.2-6.6]","3.0 [1.2-6.5]","3.0 [1.2-6.3]","2.9 [1.1-6.2]","3.0 [1.2-6.3]","3.1 [1.2-6.5]","3.1 [1.2-6.5]","3.2 [1.3-6.9]"
"Canada","0.3 [0.2-0.4]","0.3 [0.2-0.4]","0.4 [0.3-0.5]","0.3 [0.2-0.4]","0.3 [0.3-0.5]","0.3 [0.2-0.4]","0.3 [0.2-0.4]","0.3 [0.2-0.4]","0.3 [0.2-0.4]","0.3 [0.2-0.4]","0.3 [0.2-0.4]","0.3 [0.2-0.4]","0.4 [0.3-0.5]","0.2 [0.2-0.3]","0.3 [0.2-0.3]","0.4 [0.3-0.5]","0.3 [0.2-0.4]","0.4 [0.3-0.5]","0.3 [0.3-0.4]","0.4 [0.3-0.5]"
"Central African Republic","2.8 [1.1-6.0]","3.0 [1.2-6.3]","3.1 [1.3-6.5]","3.2 [1.3-6.5]","3.3 [1.4-6.8]","3.0 [1.3-5.9]","2.9 [1.2-5.7]","3.4 [1.4-7.0]","3.4 [1.4-7.1]","3.5 [1.5-7.2]","3.6 [1.5-7.3]","3.4 [1.4-7.0]","3.4 [1.4-7.1]","3.5 [1.5-7.2]","3.4 [1.4-7.0]","3.5 [1.4-7.2]","3.7 [1.5-7.6]","3.8 [1.6-7.7]","3.9 [1.6-7.9]","4.2 [1.7-8.5]"
"Chad","3.5 [1.2-8.1]","3.6 [1.3-8.2]","3.8 [1.3-8.7]","3.8 [1.3-8.7]","3.9 [1.4-8.9]","3.9 [1.4-9.0]","4.1 [1.5-9.2]","4.0 [1.4-8.9]","3.9 [1.4-8.7]","4.0 [1.5-9.1]","4.0 [1.4-9.2]","3.9 [1.4-8.9]","4.1 [1.5-9.6]","3.9 [1.4-9.0]","4.0 [1.4-9.2]","3.9 [1.4-8.9]","3.9 [1.4-8.9]","4.0 [1.4-9.3]","3.8 [1.4-8.5]","4.2 [1.5-9.6]"
"Chile","0.4 [0.2-0.5]","0.4 [0.3-0.6]","0.4 [0.3-0.5]","0.3 [0.2-0.4]","0.3 [0.2-0.4]","0.2 [0.2-0.3]","0.3 [0.2-0.4]","0.2 [0.2-0.3]","0.4 [0.3-0.6]","0.3 [0.2-0.4]","0.5 [0.3-0.6]","0.5 [0.4-0.6]","0.6 [0.4-0.8]","0.5 [0.3-0.6]","0.4 [0.3-0.5]","0.4 [0.3-0.5]","0.4 [0.3-0.5]","0.5 [0.4-0.7]","0.2 [0.2-0.3]","0.3 [0.2-0.4]"
"China","1.8 [1.1-2.3]","1.8 [1.2-2.3]","1.9 [1.2-2.3]","1.9 [1.3-2.3]","2.0 [1.3-2.4]","2.0 [1.3-2.4]","2.0 [1.4-2.4]","2.1 [1.4-2.4]","2.1 [1.5-2.5]","2.1 [1.5-2.5]","2.1 [1.5-2.5]","2.1 [1.5-2.4]","2.0 [1.5-2.3]","2.0 [1.5-2.3]","2.0 [1.6-2.4]","2.0 [1.6-2.3]","1.9 [1.5-2.2]","1.8 [1.5-2.2]","1.8 [1.4-2.2]","1.7 [1.4-2.2]"
"Colombia","0.1 [0.1-0.2]","0.1 [0.1-0.2]","0.1 [0.1-0.2]","0.1 [0.1-0.2]","0.1 [0.1-0.2]","0.1 [0.1-0.2]","0.1 [0.1-0.2]","0.1 [0.1-0.2]","0.1 [0.1-0.2]","0.1 [0.1-0.2]","0.1 [0.1-0.1]","0.2 [0.1-0.2]","0.2 [0.1-0.2]","0.2 [0.1-0.2]","0.2 [0.1-0.2]","0.2 [0.1-0.2]","0.1 [0.1-0.2]","0.1 [0.1-0.2]","0.2 [0.2-0.3]","0.2 [0.1-0.2]"
"Comoros","2.4 [0.8-5.6]","2.4 [0.9-5.6]","2.5 [0.9-5.7]","2.5 [0.9-5.8]","2.6 [1.0-5.8]","2.6 [1.0-6.0]","2.5 [0.9-5.7]","2.6 [1.0-5.8]","2.5 [0.9-5.5]","2.7 [1.0-6.2]","2.4 [0.9-5.3]","2.7 [1.0-5.8]","2.6 [1.0-5.7]","2.7 [1.0-6.0]","2.7 [1.0-6.1]","2.9 [1.1-6.3]","2.9 [1.0-6.6]","2.9 [1.1-6.6]","3.0 [1.1-6.9]","3.1 [1.1-6.8]"
"Congo","1.3 [0.5-3.0]","1.3 [0.5-3.0]","1.3 [0.5-3.0]","1.4 [0.5-3.1]","1.4 [0.5-3.0]","1.7 [0.6-3.7]","1.8 [0.7-3.8]","1.8 [0.7-3.8]","1.8 [0.7-3.9]","1.9 [0.7-4.0]","1.9 [0.8-4.1]","1.9 [0.8-4.1]","2.0 [0.8-4.1]","2.1 [0.8-4.3]","2.1 [0.8-4.4]","2.1 [0.8-4.4]","2.1 [0.8-4.4]","2.1 [0.8-4.4]","2.4 [0.9-5.0]","2.7 [1.1-5.5]"
"Costa Rica","0.1 [0.1-0.1]","0.1 [0.1-0.2]","0.1 [0.0-0.1]","0.2 [0.1-0.3]","0.1 [0.1-0.2]","0.1 [0.1-0.2]","0.1 [0.1-0.2]","0.1 [0.1-0.2]","0.2 [0.1-0.2]","0.2 [0.1-0.2]","0.1 [0.1-0.1]","0.1 [0.1-0.1]","0.1 [0.0-0.1]","0.1 [0.1-0.1]","0.1 [0.1-0.1]","0.1 [0.1-0.2]","0.2 [0.1-0.2]","0.1 [0.1-0.2]","0.2 [0.2-0.3]","0.1 [0.1-0.2]"
"CÃ´te d'Ivoire","2.5 [0.9-5.8]","2.6 [1.0-5.7]","2.6 [1.0-5.9]","2.7 [1.0-6.1]","2.8 [1.1-6.3]","2.8 [1.1-6.1]","2.9 [1.1-6.3]","2.9 [1.1-6.2]","2.8 [1.1-5.9]","2.8 [1.1-6.2]","2.8 [1.1-6.1]","2.7 [1.1-5.9]","2.9 [1.2-6.2]","2.9 [1.2-6.2]","2.8 [1.1-5.8]","2.7 [1.1-5.5]","2.7 [1.1-5.5]","2.6 [1.1-5.4]","2.8 [1.2-5.8]","3.0 [1.2-6.2]"
"Croatia","0.4 [0.3-0.5]","0.4 [0.3-0.5]","0.3 [0.2-0.5]","0.4 [0.3-0.6]","0.4 [0.3-0.5]","0.4 [0.3-0.5]","0.4 [0.3-0.5]","0.8 [0.6-1.1]","0.4 [0.3-0.6]","0.5 [0.3-0.6]","0.6 [0.4-0.8]","0.5 [0.4-0.7]","0.6 [0.4-0.8]","0.6 [0.4-0.8]","0.9 [0.6-1.1]","0.9 [0.7-1.2]","0.8 [0.6-1.1]","0.5 [0.4-0.7]","0.6 [0.5-0.9]","0.6 [0.4-0.8]"
"Cuba","0.2 [0.1-0.2]","0.1 [0.1-0.2]","0.1 [0.1-0.2]","0.2 [0.1-0.3]","0.1 [0.1-0.2]","0.2 [0.2-0.3]","0.1 [0.1-0.2]","0.2 [0.1-0.2]","0.1 [0.1-0.2]","0.1 [0.1-0.2]","0.1 [0.1-0.2]","0.2 [0.1-0.3]","0.1 [0.1-0.2]","0.1 [0.1-0.2]","0.2 [0.2-0.3]","0.3 [0.2-0.4]","0.2 [0.2-0.3]","0.3 [0.2-0.4]","0.2 [0.2-0.3]","0.2 [0.2-0.3]"
"Cyprus","0.3 [0.2-0.5]","0.5 [0.3-0.7]","0.2 [0.1-0.3]","0.5 [0.3-0.7]","0.2 [0.1-0.3]","0.2 [0.1-0.3]","0.4 [0.2-0.6]","0.2 [0.1-0.3]","1.2 [0.6-1.7]","0.0 [0.0-0.0]","0.4 [0.2-0.6]","0.5 [0.3-0.8]","0.8 [0.4-1.1]","0.4 [0.2-0.7]","0.1 [0.1-0.2]","0.0 [0.0-0.0]","0.1 [0.1-0.2]","0.1 [0.1-0.2]","0.1 [0.1-0.2]","0.1 [0.1-0.2]"
"Czechia","0.4 [0.3-0.5]","0.5 [0.3-0.6]","0.9 [0.7-1.1]","0.8 [0.6-1.1]","0.8 [0.6-1.1]","0.8 [0.6-1.1]","1.1 [0.8-1.4]","1.1 [0.8-1.4]","1.0 [0.7-1.3]","1.0 [0.8-1.3]","0.9 [0.7-1.1]","0.9 [0.7-1.2]","0.9 [0.6-1.1]","0.9 [0.7-1.1]","1.1 [0.8-1.4]","1.0 [0.7-1.3]","1.1 [0.8-1.4]","1.2 [0.9-1.6]","1.3 [1.0-1.7]","1.2 [0.9-1.6]"
"Democratic People's Republic of Korea","1.4 [0.6-2.8]","1.4 [0.6-2.8]","1.5 [0.7-2.9]","1.6 [0.7-3.1]","1.6 [0.7-3.2]","1.5 [0.7-3.0]","1.5 [0.7-3.0]","1.5 [0.7-2.9]","1.5 [0.7-2.9]","1.5 [0.6-2.8]","1.4 [0.6-2.7]","1.4 [0.6-2.7]","1.3 [0.6-2.5]","1.3 [0.6-2.5]","1.3 [0.6-2.5]","1.3 [0.5-2.5]","1.3 [0.5-2.5]","1.3 [0.6-2.6]","1.3 [0.5-2.6]","1.3 [0.6-2.7]"
"Democratic Republic of the Congo","2.0 [0.7-4.7]","2.2 [0.8-5.2]","2.2 [0.8-5.1]","2.1 [0.8-4.9]","2.3 [0.8-5.4]","2.4 [0.9-5.8]","2.4 [0.9-5.6]","2.4 [0.9-5.6]","2.4 [0.9-5.6]","2.5 [1.0-5.6]","2.4 [0.9-5.3]","2.3 [0.9-5.0]","2.3 [0.9-5.0]","2.3 [0.9-5.1]","2.3 [0.9-5.0]","2.2 [0.9-4.7]","2.3 [1.0-4.9]","2.2 [0.9-4.8]","2.4 [1.0-5.2]","2.5 [1.0-5.2]"
"Denmark","0.1 [0.1-0.1]","0.1 [0.1-0.2]","0.0 [0.0-0.1]","0.1 [0.1-0.2]","0.2 [0.2-0.3]","0.2 [0.1-0.3]","0.2 [0.1-0.3]","0.2 [0.1-0.3]","0.3 [0.2-0.5]","0.2 [0.2-0.3]","0.3 [0.2-0.4]","0.1 [0.1-0.1]","0.3 [0.2-0.4]","0.3 [0.2-0.4]","0.3 [0.2-0.4]","0.3 [0.2-0.4]","0.3 [0.2-0.4]","0.2 [0.1-0.3]","0.3 [0.2-0.4]","0.3 [0.2-0.4]"
"Djibouti","2.5 [1.0-5.6]","2.6 [1.0-5.7]","2.7 [1.1-5.9]","2.6 [1.1-5.9]","2.6 [1.0-5.7]","2.7 [1.1-6.0]","2.7 [1.1-6.0]","2.5 [1.0-5.5]","2.6 [1.0-5.7]","2.6 [1.0-5.7]","2.5 [1.0-5.5]","2.4 [0.9-5.2]","2.5 [1.0-5.5]","2.5 [1.0-5.4]","2.4 [0.9-5.2]","2.5 [1.0-5.5]","2.7 [1.0-5.9]","2.7 [1.0-5.9]","2.6 [1.0-5.9]","2.7 [1.0-5.9]"
"Dominican Republic","0.4 [0.2-0.9]","0.4 [0.2-0.9]","0.5 [0.2-1.0]","0.5 [0.2-1.0]","0.5 [0.2-0.9]","0.4 [0.2-0.9]","0.4 [0.2-0.8]","0.4 [0.2-0.7]","0.3 [0.2-0.6]","0.3 [0.1-0.6]","0.3 [0.2-0.6]","0.3 [0.1-0.6]","0.3 [0.1-0.6]","0.3 [0.2-0.6]","0.3 [0.1-0.6]","0.3 [0.1-0.5]","0.3 [0.2-0.6]","0.3 [0.2-0.6]","0.3 [0.2-0.6]","0.4 [0.2-0.7]"
"Ecuador","0.3 [0.2-0.5]","0.3 [0.2-0.5]","0.4 [0.2-0.6]","0.4 [0.2-0.6]","0.4 [0.2-0.6]","0.4 [0.3-0.6]","0.4 [0.3-0.6]","0.5 [0.3-0.7]","0.5 [0.3-0.7]","0.5 [0.3-0.7]","0.5 [0.3-0.7]","0.5 [0.3-0.7]","0.5 [0.3-0.7]","0.5 [0.3-0.8]","0.5 [0.4-0.8]","0.5 [0.3-0.8]","0.6 [0.4-0.8]","0.6 [0.4-0.8]","0.6 [0.4-0.8]","0.6 [0.4-0.9]"
"Egypt","0.2 [0.1-0.4]","0.2 [0.1-0.4]","0.2 [0.1-0.4]","0.2 [0.1-0.4]","0.2 [0.1-0.4]","0.2 [0.1-0.5]","0.2 [0.1-0.5]","0.2 [0.1-0.5]","0.2 [0.1-0.5]","0.2 [0.1-0.5]","0.2 [0.1-0.5]","0.2 [0.1-0.5]","0.2 [0.1-0.5]","0.2 [0.1-0.5]","0.2 [0.1-0.5]","0.2 [0.1-0.5]","0.2 [0.1-0.5]","0.3 [0.1-0.5]","0.3 [0.1-0.5]","0.3 [0.1-0.5]"
"El Salvador","0.2 [0.1-0.4]","0.2 [0.1-0.4]","0.2 [0.1-0.4]","0.2 [0.1-0.4]","0.6 [0.3-0.9]","0.1 [0.1-0.2]","0.2 [0.1-0.3]","0.2 [0.1-0.2]","0.1 [0.1-0.2]","0.4 [0.2-0.6]","0.1 [0.1-0.1]","0.0 [0.0-0.1]","0.1 [0.0-0.1]","0.1 [0.1-0.2]","0.4 [0.2-0.6]","0.3 [0.2-0.4]","0.1 [0.1-0.2]","0.5 [0.2-0.7]","0.4 [0.2-0.6]","0.5 [0.2-0.7]"
"Equatorial Guinea","1.6 [0.5-3.7]","1.7 [0.5-3.9]","1.7 [0.6-4.0]","1.8 [0.6-4.1]","1.9 [0.6-4.4]","1.9 [0.6-4.3]","1.8 [0.6-4.2]","2.0 [0.7-4.5]","2.1 [0.7-4.8]","2.1 [0.7-4.7]","2.0 [0.7-4.4]","2.0 [0.7-4.5]","2.1 [0.8-4.8]","2.2 [0.8-5.0]","2.1 [0.8-4.6]","2.2 [0.8-4.8]","2.4 [0.9-5.4]","2.6 [1.0-5.6]","2.9 [1.1-6.2]","3.2 [1.3-6.9]"
"Eritrea","3.3 [1.3-7.3]","3.2 [1.3-7.2]","3.1 [1.2-6.6]","3.3 [1.3-7.2]","3.3 [1.3-7.0]","3.4 [1.4-7.2]","3.6 [1.4-7.6]","3.6 [1.4-7.6]","3.8 [1.5-8.1]","3.9 [1.5-8.5]","4.0 [1.6-8.5]","4.0 [1.6-8.6]","4.0 [1.6-8.4]","4.0 [1.6-8.3]","4.0 [1.6-8.4]","4.1 [1.6-8.7]","4.0 [1.6-8.5]","4.3 [1.7-9.0]","4.3 [1.7-9.0]","4.3 [1.7-8.8]"
"Estonia","0.6 [0.4-0.9]","0.8 [0.6-1.2]","0.6 [0.4-0.8]","0.9 [0.6-1.2]","0.5 [0.3-0.7]","0.7 [0.5-1.0]","0.6 [0.4-0.8]","1.2 [0.9-1.7]","1.2 [0.9-1.6]","0.9 [0.6-1.2]","0.9 [0.7-1.3]","0.6 [0.4-0.8]","1.4 [1.0-1.9]","1.3 [1.0-1.8]","2.0 [1.5-2.7]","1.5 [1.1-2.0]","1.9 [1.4-2.5]","1.7 [1.3-2.3]","2.6 [1.9-3.4]","3.5 [2.6-4.6]"
"Eswatini","3.3 [1.2-7.3]","3.2 [1.1-7.2]","3.3 [1.2-7.6]","3.6 [1.2-8.1]","3.7 [1.3-8.5]","3.9 [1.4-8.9]","4.3 [1.5-9.7]","4.6 [1.6-10.2]","4.6 [1.6-10.1]","5.0 [1.7-10.9]","5.4 [1.9-11.8]","5.5 [1.9-11.9]","5.5 [1.9-11.7]","5.0 [1.8-10.9]","5.1 [1.8-11.0]","5.0 [1.8-10.8]","4.9 [1.8-10.7]","4.7 [1.7-10.2]","4.3 [1.6-9.4]","4.1 [1.5-9.0]"
"Ethiopia","3.3 [1.6-5.8]","3.4 [1.7-6.0]","3.5 [1.8-6.1]","3.6 [1.8-6.2]","3.5 [1.7-5.9]","3.7 [1.8-6.3]","4.0 [2.0-6.9]","4.3 [2.2-7.4]","4.6 [2.3-7.8]","4.8 [2.4-8.1]","4.9 [2.4-8.3]","5.4 [2.7-9.3]","5.9 [2.9-10.1]","5.9 [2.9-10.0]","6.2 [3.0-10.7]","6.4 [3.1-11.2]","6.8 [3.3-11.8]","7.1 [3.4-12.3]","7.7 [3.6-13.5]","6.2 [2.9-10.5]"
"Fiji","0.3 [0.1-0.5]","0.3 [0.1-0.5]","0.3 [0.1-0.5]","0.2 [0.1-0.5]","0.2 [0.1-0.5]","0.3 [0.1-0.5]","0.3 [0.1-0.5]","0.2 [0.1-0.4]","0.2 [0.1-0.4]","0.3 [0.1-0.4]","0.3 [0.1-0.4]","0.3 [0.1-0.5]","0.3 [0.2-0.5]","0.3 [0.2-0.5]","0.3 [0.2-0.6]","0.3 [0.2-0.6]","0.4 [0.2-0.6]","0.4 [0.2-0.7]","0.4 [0.2-0.8]","0.4 [0.2-0.8]"
"Finland","0.4 [0.3-0.6]","0.6 [0.4-0.8]","0.4 [0.3-0.5]","0.4 [0.3-0.5]","0.5 [0.4-0.7]","0.5 [0.4-0.7]","0.6 [0.4-0.8]","0.4 [0.3-0.5]","1.0 [0.7-1.3]","1.1 [0.8-1.5]","1.1 [0.8-1.5]","1.1 [0.8-1.5]","1.2 [0.9-1.6]","1.0 [0.7-1.3]","0.8 [0.6-1.1]","0.9 [0.7-1.3]","0.7 [0.5-0.9]","0.7 [0.5-0.9]","0.6 [0.4-0.8]","0.5 [0.4-0.7]"
"France","0.3 [0.3-0.5]","0.4 [0.3-0.5]","0.4 [0.3-0.5]","0.4 [0.3-0.5]","0.3 [0.2-0.4]","0.4 [0.3-0.5]","0.3 [0.3-0.4]","0.4 [0.3-0.5]","0.4 [0.3-0.5]","0.4 [0.3-0.6]","0.4 [0.3-0.5]","0.4 [0.3-0.5]","0.4 [0.3-0.5]","0.4 [0.3-0.5]","0.4 [0.3-0.5]","0.4 [0.3-0.5]","0.4 [0.3-0.5]","0.3 [0.3-0.4]","0.3 [0.3-0.4]","0.4 [0.3-0.5]"
"Gabon","1.3 [0.5-2.8]","1.4 [0.5-2.9]","1.3 [0.5-2.8]","1.4 [0.5-2.9]","1.6 [0.6-3.3]","1.6 [0.6-3.5]","1.4 [0.6-3.1]","1.5 [0.6-3.1]","1.7 [0.7-3.7]","1.8 [0.7-3.7]","1.9 [0.7-3.9]","2.0 [0.8-4.3]","1.9 [0.8-3.9]","2.0 [0.8-4.1]","1.9 [0.8-4.1]","1.7 [0.7-3.3]","1.9 [0.8-3.9]","2.0 [0.8-3.9]","2.0 [0.8-4.0]","2.2 [0.9-4.4]"
"Gambia","1.8 [0.7-4.3]","1.9 [0.7-4.4]","2.0 [0.8-4.6]","2.1 [0.8-4.9]","2.2 [0.8-5.2]","2.3 [0.9-5.4]","2.4 [0.9-5.5]","2.5 [0.9-5.7]","2.6 [1.0-5.8]","2.6 [1.0-5.7]","2.6 [1.0-5.7]","2.7 [1.1-5.8]","2.7 [1.1-5.9]","2.8 [1.1-6.1]","2.9 [1.2-6.2]","3.1 [1.3-6.5]","3.2 [1.3-6.7]","3.3 [1.3-7.0]","3.3 [1.3-7.0]","3.3 [1.3-7.1]"
"Georgia","0.6 [0.4-0.8]","0.6 [0.4-0.9]","0.6 [0.4-0.9]","0.7 [0.5-0.9]","0.7 [0.5-0.9]","0.7 [0.5-1.0]","0.7 [0.5-1.0]","0.7 [0.5-1.0]","0.7 [0.5-1.0]","0.7 [0.5-1.0]","0.9 [0.6-1.2]","0.8 [0.5-1.0]","0.7 [0.5-1.0]","0.7 [0.5-1.0]","0.7 [0.5-1.0]","0.6 [0.5-0.9]","0.7 [0.5-0.9]","0.8 [0.6-1.2]","0.7 [0.5-0.9]","0.8 [0.6-1.1]"
"Germany","0.3 [0.2-0.4]","0.3 [0.2-0.4]","0.3 [0.2-0.4]","0.2 [0.1-0.2]","0.2 [0.1-0.2]","0.1 [0.1-0.2]","0.2 [0.1-0.2]","0.2 [0.1-0.2]","0.1 [0.1-0.2]","0.1 [0.1-0.2]","0.1 [0.1-0.2]","0.1 [0.1-0.2]","0.1 [0.1-0.2]","0.1 [0.1-0.2]","0.1 [0.1-0.2]","0.1 [0.1-0.1]","0.1 [0.1-0.2]","0.1 [0.1-0.1]","0.1 [0.1-0.2]","0.1 [0.1-0.1]"
"Ghana","1.7 [0.7-3.7]","1.8 [0.7-3.7]","1.8 [0.8-3.8]","1.9 [0.8-4.0]","2.0 [0.9-4.0]","2.1 [0.9-4.1]","2.1 [1.0-4.1]","2.1 [1.0-4.0]","2.1 [1.0-3.9]","2.1 [1.1-3.9]","2.2 [1.1-3.9]","2.2 [1.1-3.9]","2.2 [1.1-3.9]","2.2 [1.1-3.9]","2.2 [1.1-3.9]","2.1 [1.1-3.9]","2.1 [1.1-3.9]","2.0 [1.0-3.7]","2.0 [1.0-3.6]","1.9 [0.9-3.5]"
"Greece","0.2 [0.1-0.3]","0.2 [0.1-0.2]","0.3 [0.2-0.4]","0.2 [0.1-0.2]","0.1 [0.1-0.1]","0.2 [0.1-0.2]","0.2 [0.1-0.2]","0.2 [0.1-0.2]","0.2 [0.1-0.2]","0.2 [0.2-0.3]","0.3 [0.2-0.4]","0.2 [0.2-0.3]","0.3 [0.2-0.4]","0.4 [0.3-0.5]","0.4 [0.3-0.5]","0.2 [0.2-0.3]","0.2 [0.2-0.3]","0.3 [0.2-0.4]","0.3 [0.3-0.5]","0.3 [0.2-0.4]"
"Grenada","0.1 [0.1-0.1]","0.0 [0.0-0.0]","0.0 [0.0-0.0]","0.3 [0.2-0.4]","0.3 [0.2-0.4]","0.5 [0.3-0.6]","0.0 [0.0-0.1]","0.1 [0.0-0.1]","0.5 [0.4-0.7]","0.4 [0.3-0.6]","0.4 [0.3-0.5]","0.0 [0.0-0.1]","0.1 [0.0-0.1]","0.1 [0.0-0.1]","0.1 [0.1-0.1]","0.4 [0.3-0.5]","1.3 [1.0-1.7]","0.8 [0.6-1.1]","0.9 [0.6-1.2]","1.1 [0.8-1.5]"
"Guatemala","1.6 [1.0-2.3]","1.6 [1.1-2.3]","1.6 [1.2-2.2]","1.7 [1.2-2.3]","1.8 [1.3-2.4]","1.8 [1.3-2.4]","1.9 [1.4-2.5]","2.0 [1.4-2.6]","2.0 [1.5-2.6]","1.9 [1.4-2.5]","1.9 [1.4-2.5]","1.7 [1.2-2.3]","1.6 [1.2-2.2]","1.9 [1.4-2.5]","1.8 [1.3-2.4]","1.5 [1.1-2.0]","1.4 [1.0-1.8]","1.2 [0.9-1.7]","1.2 [0.9-1.7]","1.2 [0.8-1.6]"
"Guinea","2.3 [0.9-5.1]","2.7 [1.0-6.0]","2.7 [1.0-6.1]","2.8 [1.1-6.2]","2.9 [1.1-6.3]","2.8 [1.1-6.3]","2.8 [1.1-6.2]","2.7 [1.1-6.1]","2.7 [1.1-6.1]","2.7 [1.1-6.1]","2.6 [1.0-5.9]","2.7 [1.0-5.9]","2.7 [1.1-6.1]","2.7 [1.0-6.1]","2.7 [1.0-6.1]","2.8 [1.1-6.3]","2.7 [1.0-6.0]","2.7 [1.0-6.0]","2.4 [0.9-5.4]","2.5 [1.0-5.5]"
"Guinea-Bissau","2.3 [0.8-5.5]","2.4 [0.9-5.6]","2.4 [0.9-5.5]","2.4 [0.9-5.6]","2.2 [0.9-5.0]","2.5 [1.0-5.6]","2.7 [1.0-5.9]","2.7 [1.1-5.9]","2.8 [1.1-6.1]","2.9 [1.1-6.2]","3.0 [1.2-6.4]","3.0 [1.2-6.5]","3.1 [1.2-6.6]","3.1 [1.2-6.7]","3.1 [1.2-6.8]","2.7 [1.1-5.7]","2.6 [1.1-5.4]","3.3 [1.3-7.0]","3.5 [1.4-7.3]","3.4 [1.4-7.2]"
"Guyana","0.1 [0.0-0.1]","0.1 [0.0-0.1]","0.1 [0.0-0.1]","0.1 [0.0-0.1]","0.1 [0.0-0.1]","0.1 [0.0-0.1]","0.1 [0.0-0.1]","0.1 [0.0-0.1]","0.1 [0.0-0.1]","0.2 [0.1-0.3]","0.2 [0.1-0.3]","0.2 [0.1-0.3]","0.1 [0.1-0.2]","0.2 [0.1-0.3]","0.2 [0.2-0.4]","0.3 [0.2-0.5]","0.2 [0.1-0.3]","0.1 [0.1-0.2]","0.2 [0.1-0.3]","0.2 [0.2-0.4]"
"Haiti","1.4 [0.4-4.1]","1.4 [0.4-4.2]","1.3 [0.4-4.0]","1.3 [0.4-4.0]","1.4 [0.4-4.2]","1.4 [0.4-4.2]","1.4 [0.5-4.3]","1.4 [0.5-4.2]","1.4 [0.5-4.3]","9.0 [2.6-22.0]","1.5 [0.5-4.5]","1.5 [0.5-4.4]","1.6 [0.5-4.5]","1.6 [0.5-4.5]","1.6 [0.5-4.5]","1.3 [0.4-3.7]","1.7 [0.5-4.7]","1.8 [0.6-4.8]","1.9 [0.6-5.1]","2.0 [0.6-5.4]"
"Honduras","0.5 [0.2-1.0]","0.5 [0.2-1.0]","0.5 [0.2-1.0]","0.4 [0.2-0.9]","0.8 [0.3-1.7]","0.7 [0.3-1.5]","0.7 [0.3-1.5]","0.7 [0.3-1.4]","0.4 [0.2-0.9]","0.4 [0.2-0.9]","0.4 [0.2-0.9]","0.4 [0.2-0.9]","0.5 [0.2-1.0]","0.5 [0.2-1.0]","0.5 [0.2-1.0]","0.5 [0.2-1.0]","0.5 [0.2-1.0]","0.5 [0.2-1.0]","0.5 [0.2-1.0]","0.5 [0.2-1.0]"
"Hungary","0.5 [0.3-0.7]","0.4 [0.3-0.5]","0.6 [0.4-0.8]","0.6 [0.4-0.8]","0.4 [0.3-0.5]","0.5 [0.4-0.7]","0.5 [0.4-0.7]","0.8 [0.6-1.0]","0.6 [0.4-0.7]","0.9 [0.7-1.2]","0.7 [0.6-1.0]","0.7 [0.5-1.0]","0.9 [0.7-1.2]","1.1 [0.8-1.5]","1.0 [0.7-1.3]","1.1 [0.8-1.4]","1.2 [0.9-1.6]","0.7 [0.5-0.9]","1.0 [0.7-1.2]","0.6 [0.4-0.8]"
"Iceland","1.0 [0.7-1.3]","0.7 [0.5-1.0]","0.6 [0.4-0.8]","0.3 [0.2-0.4]","0.1 [0.1-0.2]","0.5 [0.3-0.6]","0.6 [0.5-0.9]","1.1 [0.8-1.5]","0.9 [0.6-1.2]","0.4 [0.3-0.6]","0.6 [0.5-0.9]","0.6 [0.5-0.9]","0.5 [0.3-0.6]","0.1 [0.1-0.1]","0.1 [0.1-0.1]","0.2 [0.1-0.2]","0.1 [0.1-0.2]","0.9 [0.6-1.2]","1.0 [0.7-1.4]","0.6 [0.4-0.8]"
"India","0.3 [0.2-0.4]","0.3 [0.2-0.4]","0.3 [0.2-0.4]","0.3 [0.2-0.4]","0.3 [0.2-0.4]","0.3 [0.2-0.4]","0.3 [0.2-0.4]","0.3 [0.2-0.5]","0.4 [0.2-0.5]","0.4 [0.2-0.5]","0.4 [0.2-0.6]","0.5 [0.3-0.6]","0.5 [0.3-0.6]","0.5 [0.3-0.6]","0.5 [0.3-0.7]","0.5 [0.3-0.7]","0.5 [0.3-0.7]","0.6 [0.3-0.8]","0.6 [0.3-0.8]","0.6 [0.3-0.8]"
"Indonesia","0.3 [0.1-0.4]","0.3 [0.1-0.4]","0.3 [0.1-0.5]","0.3 [0.1-0.5]","0.3 [0.1-0.4]","0.3 [0.1-0.5]","0.3 [0.1-0.5]","0.3 [0.2-0.5]","0.3 [0.2-0.5]","0.3 [0.2-0.5]","0.3 [0.2-0.5]","0.3 [0.2-0.5]","0.3 [0.2-0.5]","0.3 [0.2-0.5]","0.3 [0.2-0.5]","0.4 [0.2-0.6]","0.4 [0.2-0.5]","0.4 [0.2-0.5]","0.4 [0.2-0.5]","0.4 [0.2-0.5]"
"Iran (Islamic Republic of)","1.0 [0.7-1.2]","1.0 [0.7-1.2]","1.0 [0.7-1.3]","1.0 [0.8-1.3]","1.1 [0.8-1.3]","1.1 [0.8-1.4]","1.2 [0.9-1.5]","1.3 [1.0-1.6]","1.4 [1.0-1.7]","1.4 [1.0-1.7]","1.4 [1.0-1.7]","1.5 [1.0-1.8]","1.6 [1.1-1.9]","1.5 [1.1-1.8]","1.5 [1.1-1.9]","1.6 [1.1-2.0]","1.4 [1.1-1.8]","1.6 [1.2-2.1]","1.7 [1.2-2.2]","1.8 [1.3-2.4]"
"Iraq","0.2 [0.1-0.5]","0.3 [0.1-0.5]","0.3 [0.1-0.5]","0.3 [0.1-0.5]","0.3 [0.1-0.5]","0.3 [0.2-0.5]","0.3 [0.1-0.5]","0.3 [0.2-0.6]","0.3 [0.2-0.6]","0.3 [0.2-0.6]","0.3 [0.2-0.6]","0.3 [0.2-0.6]","0.4 [0.2-0.7]","0.5 [0.2-1.0]","0.4 [0.2-0.8]","0.4 [0.2-0.8]","0.5 [0.2-0.9]","0.4 [0.2-0.9]","0.5 [0.2-0.9]","0.5 [0.2-1.0]"
"Ireland","0.3 [0.2-0.4]","0.3 [0.2-0.4]","0.3 [0.2-0.4]","0.3 [0.2-0.4]","0.4 [0.3-0.5]","0.2 [0.1-0.2]","0.4 [0.3-0.5]","0.5 [0.3-0.7]","1.6 [1.1-2.2]","0.3 [0.2-0.4]","0.6 [0.4-0.8]","0.5 [0.3-0.6]","0.4 [0.3-0.5]","0.5 [0.3-0.6]","0.6 [0.4-0.8]","0.5 [0.4-0.7]","0.5 [0.4-0.7]","0.6 [0.5-0.9]","0.6 [0.5-0.8]","0.6 [0.4-0.8]"
"Israel","0.0 [0.0-0.1]","0.0 [0.0-0.1]","0.0 [0.0-0.1]","0.0 [0.0-0.1]","0.0 [0.0-0.0]","0.0 [0.0-0.0]","0.0 [0.0-0.0]","0.0 [0.0-0.0]","0.0 [0.0-0.0]","0.0 [0.0-0.0]","0.0 [0.0-0.0]","0.0 [0.0-0.0]","0.0 [0.0-0.0]","0.0 [0.0-0.0]","0.0 [0.0-0.1]","0.0 [0.0-0.0]","0.1 [0.1-0.1]","0.0 [0.0-0.0]","0.0 [0.0-0.0]","0.1 [0.1-0.2]"
"Italy","0.3 [0.2-0.3]","0.3 [0.2-0.3]","0.2 [0.2-0.3]","0.3 [0.2-0.3]","0.3 [0.3-0.3]","0.3 [0.3-0.3]","0.3 [0.3-0.4]","0.4 [0.3-0.4]","0.3 [0.3-0.3]","0.3 [0.3-0.3]","0.3 [0.3-0.3]","0.3 [0.3-0.3]","0.3 [0.3-0.4]","0.3 [0.3-0.3]","0.3 [0.3-0.4]","0.3 [0.3-0.3]","0.3 [0.3-0.3]","0.4 [0.3-0.4]","0.5 [0.4-0.5]","0.5 [0.5-0.6]"
"Jamaica","0.1 [0.0-0.1]","0.1 [0.0-0.1]","0.1 [0.0-0.1]","0.1 [0.1-0.1]","0.1 [0.1-0.1]","0.1 [0.0-0.1]","0.1 [0.1-0.1]","0.1 [0.1-0.1]","0.1 [0.1-0.1]","0.1 [0.1-0.1]","0.1 [0.1-0.2]","0.1 [0.1-0.1]","0.1 [0.1-0.1]","0.1 [0.1-0.1]","0.1 [0.1-0.1]","0.1 [0.1-0.1]","0.1 [0.1-0.1]","0.1 [0.1-0.2]","0.1 [0.1-0.2]","0.1 [0.1-0.2]"
"Japan","0.2 [0.2-0.2]","0.2 [0.2-0.2]","0.2 [0.2-0.2]","0.2 [0.2-0.2]","0.2 [0.2-0.3]","0.2 [0.2-0.3]","0.3 [0.2-0.3]","0.3 [0.3-0.3]","0.4 [0.3-0.4]","0.4 [0.3-0.4]","0.4 [0.4-0.4]","0.4 [0.4-0.4]","0.4 [0.3-0.4]","0.4 [0.4-0.4]","0.5 [0.4-0.5]","0.4 [0.4-0.4]","0.4 [0.4-0.5]","0.3 [0.3-0.3]","0.3 [0.3-0.3]","0.3 [0.3-0.3]"
"Jordan","0.5 [0.2-0.8]","0.4 [0.2-0.7]","0.4 [0.2-0.7]","0.4 [0.2-0.7]","0.4 [0.2-0.6]","0.4 [0.2-0.7]","0.4 [0.3-0.7]","0.5 [0.3-0.7]","0.5 [0.3-0.8]","0.6 [0.3-0.9]","0.6 [0.4-1.0]","0.7 [0.4-1.1]","0.8 [0.4-1.2]","0.8 [0.5-1.3]","0.9 [0.5-1.4]","1.0 [0.6-1.7]","1.1 [0.6-1.8]","1.1 [0.6-1.8]","1.2 [0.6-1.9]","1.2 [0.6-2.1]"
"Kazakhstan","1.9 [1.3-2.7]","2.0 [1.5-2.7]","2.1 [1.6-2.8]","2.3 [1.7-3.0]","2.4 [1.9-3.1]","2.6 [2.0-3.3]","2.8 [2.2-3.5]","3.0 [2.4-3.7]","3.1 [2.5-3.9]","3.3 [2.7-4.1]","3.4 [2.8-4.2]","3.9 [3.2-4.8]","4.4 [3.6-5.4]","4.6 [3.7-5.7]","4.8 [3.8-6.0]","4.9 [3.8-6.2]","5.1 [3.9-6.6]","5.1 [3.8-6.8]","5.3 [3.8-7.2]","5.4 [3.8-7.5]"
"Kenya","2.4 [1.6-4.2]","2.4 [1.6-4.2]","2.4 [1.6-4.0]","2.4 [1.6-3.9]","2.4 [1.6-4.0]","2.5 [1.7-4.0]","2.6 [1.7-4.1]","2.7 [1.8-4.2]","2.8 [1.9-4.3]","2.8 [1.9-4.2]","2.8 [1.9-4.3]","2.8 [2.0-4.3]","2.8 [2.0-4.3]","2.7 [1.9-4.2]","2.7 [1.9-4.2]","2.7 [1.9-4.2]","2.9 [2.0-4.4]","3.0 [2.1-4.7]","3.1 [2.1-4.8]","3.9 [2.8-5.7]"
"Kiribati","2.6 [0.9-5.9]","2.0 [0.7-4.4]","2.7 [0.9-5.9]","2.7 [0.9-5.9]","2.7 [0.9-5.9]","2.7 [0.9-5.8]","2.7 [0.9-5.9]","2.7 [0.9-5.8]","2.7 [1.0-5.9]","2.7 [1.0-5.8]","2.7 [1.0-5.7]","2.6 [1.0-5.6]","2.5 [1.0-5.2]","2.3 [0.9-4.8]","2.3 [0.9-4.6]","2.2 [0.9-4.4]","2.1 [0.9-4.2]","2.1 [0.9-4.2]","2.2 [1.0-4.2]","2.2 [1.0-4.2]"
"Kuwait","0.4 [0.2-0.6]","0.4 [0.2-0.5]","0.4 [0.2-0.5]","0.4 [0.2-0.5]","0.3 [0.2-0.5]","0.4 [0.3-0.5]","0.3 [0.2-0.4]","0.3 [0.2-0.5]","0.3 [0.3-0.5]","0.4 [0.3-0.6]","0.5 [0.3-0.6]","0.5 [0.4-0.7]","0.5 [0.3-0.6]","0.5 [0.3-0.6]","0.5 [0.4-0.7]","0.5 [0.4-0.7]","0.5 [0.4-0.7]","0.6 [0.4-0.7]","0.6 [0.4-0.7]","0.5 [0.4-0.7]"
"Kyrgyzstan","0.9 [0.7-1.3]","1.0 [0.7-1.4]","1.0 [0.8-1.4]","1.1 [0.8-1.4]","1.2 [0.9-1.7]","1.3 [1.0-1.7]","1.3 [1.0-1.7]","1.4 [1.1-1.9]","1.5 [1.1-1.9]","1.5 [1.1-2.0]","1.7 [1.3-2.2]","1.8 [1.4-2.4]","1.9 [1.4-2.5]","2.0 [1.5-2.6]","2.1 [1.6-2.7]","2.1 [1.5-2.7]","2.2 [1.7-2.9]","2.4 [1.8-3.0]","2.5 [1.9-3.2]","2.8 [2.2-3.6]"
"Lao People's Democratic Republic","0.6 [0.2-1.2]","0.6 [0.2-1.3]","0.6 [0.2-1.3]","0.6 [0.2-1.3]","0.6 [0.2-1.4]","0.7 [0.2-1.5]","0.9 [0.3-2.0]","0.9 [0.3-2.1]","1.0 [0.3-2.2]","1.0 [0.4-2.3]","1.1 [0.4-2.4]","1.1 [0.4-2.5]","1.0 [0.4-2.2]","1.1 [0.4-2.4]","1.1 [0.4-2.5]","1.2 [0.4-2.6]","1.3 [0.4-2.8]","1.4 [0.5-3.1]","1.4 [0.5-3.2]","1.5 [0.5-3.2]"
"Latvia","1.2 [0.8-1.8]","1.1 [0.7-1.5]","1.3 [0.9-1.7]","1.4 [1.0-1.8]","0.8 [0.6-1.1]","1.4 [1.0-1.9]","1.0 [0.7-1.3]","1.8 [1.3-2.4]","1.2 [0.9-1.6]","2.3 [1.7-3.0]","3.7 [2.8-4.9]","3.5 [2.6-4.6]","4.7 [3.5-6.2]","4.5 [3.4-5.9]","5.9 [4.5-7.7]","4.0 [3.0-5.2]","5.0 [3.8-6.5]","5.6 [4.3-7.4]","5.2 [3.9-6.7]","6.3 [4.8-8.2]"
"Lebanon","0.6 [0.2-1.2]","0.5 [0.1-0.9]","0.6 [0.2-1.2]","0.5 [0.2-1.1]","0.5 [0.2-1.1]","0.5 [0.2-1.1]","0.6 [0.2-1.2]","0.6 [0.2-1.2]","0.6 [0.2-1.3]","0.6 [0.2-1.3]","0.6 [0.2-1.3]","0.6 [0.2-1.3]","0.6 [0.2-1.3]","0.5 [0.2-1.0]","0.6 [0.2-1.3]","0.6 [0.2-1.4]","0.6 [0.2-1.4]","0.7 [0.2-1.5]","0.7 [0.2-1.6]","0.8 [0.3-1.8]"
"Lesotho","5.2 [1.9-11.4]","5.3 [2.0-11.6]","5.3 [2.0-11.5]","5.7 [2.2-12.4]","6.0 [2.3-12.7]","6.0 [2.4-12.8]","5.8 [2.3-12.3]","5.4 [2.1-11.5]","4.9 [1.9-10.5]","4.7 [1.8-9.9]","4.6 [1.8-9.6]","4.4 [1.7-9.1]","3.7 [1.4-7.8]","3.4 [1.3-7.4]","3.0 [1.2-6.5]","3.0 [1.2-6.4]","3.1 [1.2-6.6]","2.9 [1.1-6.4]","2.9 [1.1-6.2]","3.0 [1.2-6.5]"
"Liberia","1.7 [0.6-4.4]","1.7 [0.6-4.5]","1.8 [0.6-4.7]","1.9 [0.7-4.9]","1.8 [0.6-4.5]","2.3 [0.8-5.9]","2.3 [0.8-5.7]","2.3 [0.8-5.9]","2.2 [0.8-5.6]","2.0 [0.7-5.1]","2.3 [0.8-5.8]","2.4 [0.8-5.9]","2.4 [0.8-6.0]","2.5 [0.8-6.1]","2.5 [0.9-6.2]","2.6 [0.9-6.2]","1.4 [0.6-3.2]","1.8 [0.7-4.2]","2.2 [0.8-5.3]","2.4 [0.9-5.8]"
"Libya","0.8 [0.3-1.7]","1.0 [0.3-2.0]","1.0 [0.3-2.0]","0.9 [0.3-1.7]","1.0 [0.3-1.9]","1.0 [0.4-2.0]","0.9 [0.3-1.7]","1.0 [0.4-2.0]","0.9 [0.3-1.7]","1.0 [0.4-2.0]","1.0 [0.4-2.1]","1.0 [0.4-2.0]","1.0 [0.4-2.0]","0.9 [0.3-1.8]","0.9 [0.3-1.9]","1.0 [0.3-1.9]","1.1 [0.4-2.2]","1.1 [0.4-2.2]","1.1 [0.4-2.2]","1.1 [0.4-2.2]"
"Lithuania","1.7 [1.2-2.4]","3.5 [2.5-4.7]","3.7 [2.8-4.9]","3.8 [2.9-5.0]","3.9 [3.0-5.1]","3.5 [2.7-4.4]","4.1 [3.2-5.1]","4.0 [3.2-5.1]","3.7 [2.9-4.6]","6.5 [5.2-8.1]","5.9 [4.7-7.3]","7.1 [5.7-8.8]","7.6 [6.0-9.4]","7.1 [5.6-8.8]","6.9 [5.5-8.5]","5.7 [4.6-7.1]","6.2 [4.9-7.7]","5.3 [4.2-6.6]","5.6 [4.5-6.9]","5.4 [4.3-6.7]"
"Luxembourg","0.2 [0.2-0.3]","0.2 [0.2-0.3]","0.1 [0.1-0.1]","0.2 [0.2-0.3]","0.4 [0.3-0.5]","0.5 [0.4-0.7]","0.4 [0.3-0.5]","0.4 [0.3-0.5]","0.4 [0.3-0.6]","0.7 [0.5-1.0]","1.3 [0.9-1.8]","1.5 [1.1-2.1]","1.9 [1.4-2.5]","1.4 [1.0-1.9]","1.2 [0.9-1.6]","0.8 [0.6-1.1]","0.9 [0.7-1.2]","1.0 [0.7-1.3]","0.9 [0.6-1.1]","1.1 [0.8-1.5]"
"Madagascar","2.1 [0.8-4.7]","2.6 [1.0-5.9]","2.7 [1.0-6.1]","2.8 [1.0-6.3]","2.8 [1.0-6.3]","3.0 [1.1-6.6]","3.0 [1.1-6.7]","2.9 [1.1-6.5]","3.1 [1.1-6.8]","3.1 [1.1-6.8]","3.1 [1.2-6.8]","3.2 [1.2-6.9]","3.2 [1.2-6.9]","3.3 [1.3-7.2]","3.4 [1.3-7.4]","3.4 [1.3-7.3]","3.3 [1.3-7.3]","3.4 [1.3-7.3]","3.4 [1.3-7.5]","3.6 [1.3-7.8]"
"Malawi","1.7 [0.7-3.7]","1.8 [0.8-3.9]","2.0 [0.8-4.1]","2.1 [0.9-4.3]","2.1 [0.9-4.4]","2.3 [1.0-4.6]","2.4 [1.0-4.8]","2.5 [1.1-5.1]","2.6 [1.2-5.1]","2.8 [1.3-5.5]","2.9 [1.4-5.6]","2.9 [1.4-5.4]","2.9 [1.4-5.3]","2.8 [1.3-5.1]","2.6 [1.3-4.9]","2.8 [1.3-5.2]","2.9 [1.4-5.7]","3.1 [1.4-6.2]","3.4 [1.5-6.7]","3.7 [1.6-7.4]"
"Malaysia","0.7 [0.3-1.2]","0.6 [0.3-1.2]","0.6 [0.3-1.1]","0.6 [0.3-1.0]","0.6 [0.3-1.0]","0.6 [0.3-0.9]","0.6 [0.3-0.9]","0.6 [0.3-0.9]","0.6 [0.4-0.9]","0.6 [0.4-1.0]","0.6 [0.4-1.0]","0.6 [0.4-0.9]","0.6 [0.4-0.9]","0.6 [0.4-0.9]","0.7 [0.4-1.0]","0.7 [0.4-1.0]","0.7 [0.4-1.1]","0.7 [0.4-1.1]","0.7 [0.4-1.1]","0.7 [0.4-1.2]"
"Maldives","0.0 [0.0-0.1]","0.0 [0.0-0.1]","0.1 [0.0-0.1]","0.1 [0.0-0.1]","0.1 [0.0-0.1]","0.1 [0.0-0.1]","0.1 [0.0-0.1]","0.1 [0.0-0.1]","0.1 [0.0-0.1]","0.1 [0.0-0.1]","0.1 [0.0-0.1]","0.1 [0.0-0.1]","0.1 [0.0-0.1]","0.1 [0.0-0.1]","0.1 [0.0-0.1]","0.1 [0.0-0.2]","0.1 [0.0-0.2]","0.1 [0.0-0.2]","0.1 [0.0-0.2]","0.1 [0.0-0.2]"
"Mali","2.9 [1.1-6.5]","2.9 [1.1-6.6]","3.1 [1.2-7.0]","3.2 [1.2-7.2]","3.2 [1.2-7.2]","3.3 [1.2-7.3]","3.2 [1.2-7.3]","3.4 [1.3-7.5]","3.5 [1.3-7.8]","3.5 [1.3-7.8]","3.6 [1.4-8.1]","3.8 [1.4-8.5]","3.8 [1.4-8.6]","3.7 [1.4-8.4]","3.7 [1.4-8.4]","3.6 [1.3-8.3]","3.5 [1.3-7.9]","3.6 [1.3-8.0]","3.4 [1.2-7.6]","3.6 [1.3-8.2]"
"Malta","0.1 [0.1-0.2]","0.1 [0.1-0.2]","0.2 [0.2-0.3]","0.1 [0.1-0.2]","0.0 [0.0-0.0]","0.0 [0.0-0.0]","0.0 [0.0-0.0]","0.1 [0.1-0.1]","0.1 [0.0-0.1]","0.1 [0.0-0.1]","0.0 [0.0-0.0]","0.0 [0.0-0.0]","0.0 [0.0-0.0]","0.0 [0.0-0.0]","0.0 [0.0-0.0]","0.1 [0.1-0.1]","0.2 [0.1-0.2]","0.4 [0.3-0.6]","0.4 [0.3-0.6]","0.5 [0.4-0.7]"
"Mauritania","1.5 [0.5-4.3]","1.5 [0.5-4.1]","1.5 [0.5-4.1]","1.5 [0.5-4.2]","1.6 [0.5-4.2]","1.5 [0.5-4.1]","1.5 [0.5-3.9]","1.6 [0.5-4.1]","1.4 [0.5-3.6]","1.4 [0.5-3.4]","1.5 [0.5-3.9]","1.6 [0.6-3.9]","1.6 [0.6-3.8]","1.6 [0.6-3.8]","1.6 [0.6-3.8]","1.5 [0.6-3.4]","1.5 [0.6-3.4]","1.5 [0.6-3.2]","1.4 [0.5-2.9]","1.6 [0.6-3.5]"
"Mauritius","0.8 [0.5-1.2]","0.9 [0.6-1.2]","1.3 [0.9-1.7]","1.4 [1.0-1.9]","1.0 [0.7-1.3]","0.5 [0.4-0.7]","0.3 [0.2-0.4]","0.3 [0.2-0.4]","0.7 [0.5-1.0]","0.2 [0.1-0.3]","0.5 [0.4-0.7]","0.7 [0.5-0.9]","0.5 [0.4-0.7]","0.1 [0.1-0.1]","0.2 [0.2-0.3]","0.3 [0.2-0.5]","0.2 [0.2-0.3]","0.0 [0.0-0.1]","0.3 [0.2-0.4]","0.5 [0.3-0.6]"
"Mexico","0.4 [0.3-0.5]","0.4 [0.3-0.5]","0.4 [0.4-0.5]","0.5 [0.4-0.5]","0.5 [0.5-0.6]","0.4 [0.4-0.5]","0.5 [0.4-0.6]","0.5 [0.4-0.5]","0.6 [0.5-0.7]","0.5 [0.5-0.6]","0.5 [0.5-0.6]","0.6 [0.5-0.6]","0.7 [0.6-0.7]","0.7 [0.6-0.8]","0.8 [0.7-0.8]","0.7 [0.7-0.8]","0.7 [0.7-0.8]","0.7 [0.6-0.8]","0.7 [0.7-0.8]","0.8 [0.7-0.9]"
"Micronesia (Federated States of)","0.9 [0.3-1.8]","0.9 [0.3-1.8]","0.9 [0.3-1.8]","0.9 [0.3-1.8]","0.9 [0.3-1.8]","0.9 [0.3-1.8]","0.9 [0.3-1.8]","0.9 [0.3-1.9]","1.0 [0.4-1.9]","1.0 [0.4-2.0]","1.0 [0.4-2.0]","1.0 [0.4-2.0]","1.0 [0.4-2.1]","1.1 [0.4-2.2]","1.1 [0.4-2.2]","1.1 [0.5-2.2]","1.1 [0.5-2.2]","1.0 [0.4-1.9]","1.2 [0.5-2.4]","1.2 [0.5-2.5]"
"Mongolia","2.8 [1.3-5.6]","2.8 [1.3-5.6]","2.8 [1.3-5.6]","2.9 [1.3-5.8]","2.9 [1.3-5.7]","2.8 [1.3-5.7]","3.0 [1.4-5.9]","3.0 [1.4-6.0]","3.1 [1.5-6.2]","3.1 [1.5-6.3]","3.2 [1.6-6.4]","3.3 [1.6-6.6]","3.5 [1.7-6.8]","3.8 [1.8-7.2]","4.2 [2.0-7.6]","4.7 [2.3-8.3]","5.3 [2.6-9.5]","6.1 [3.0-11.0]","7.6 [3.6-13.8]","9.2 [3.9-16.8]"
"Montenegro","0.6 [0.4-0.9]","0.6 [0.4-0.9]","0.6 [0.4-0.9]","0.6 [0.4-0.9]","0.6 [0.4-0.9]","0.6 [0.4-0.9]","0.6 [0.4-0.9]","0.6 [0.4-0.9]","0.6 [0.4-0.9]","0.6 [0.4-0.9]","0.6 [0.4-0.9]","0.6 [0.4-0.9]","0.6 [0.4-0.9]","0.7 [0.5-1.0]","0.7 [0.5-1.0]","0.7 [0.5-1.1]","0.8 [0.5-1.1]","0.8 [0.5-1.1]","0.8 [0.5-1.2]","0.9 [0.5-1.3]"
"Morocco","0.7 [0.3-2.0]","0.7 [0.3-2.0]","0.8 [0.3-2.1]","0.8 [0.3-2.1]","0.8 [0.3-2.2]","0.8 [0.3-2.3]","0.9 [0.3-2.4]","0.9 [0.3-2.4]","0.9 [0.4-2.5]","0.9 [0.4-2.5]","0.9 [0.4-2.5]","1.0 [0.4-2.6]","1.0 [0.4-2.6]","1.0 [0.4-2.7]","1.0 [0.4-2.7]","1.1 [0.4-2.8]","1.1 [0.4-2.9]","1.1 [0.4-2.9]","1.2 [0.5-3.0]","1.2 [0.5-3.1]"
"Mozambique","3.7 [1.5-8.2]","3.8 [1.5-8.4]","3.9 [1.5-8.6]","3.9 [1.6-8.4]","3.9 [1.6-8.3]","4.1 [1.7-8.6]","4.3 [1.8-8.9]","4.4 [1.9-9.0]","4.4 [1.9-8.9]","4.3 [1.9-8.5]","4.4 [1.9-8.6]","4.1 [1.9-8.1]","3.9 [1.8-7.6]","4.1 [1.8-8.0]","3.9 [1.8-7.5]","4.0 [1.8-7.7]","4.0 [1.8-7.8]","4.1 [1.9-8.0]","4.3 [1.9-8.5]","4.4 [2.0-8.7]"
"Myanmar","1.3 [0.5-2.8]","1.5 [0.6-3.2]","1.5 [0.6-3.1]","1.7 [0.7-3.4]","1.7 [0.7-3.5]","1.8 [0.7-3.7]","1.8 [0.7-3.6]","1.8 [0.7-3.6]","1.9 [0.7-3.9]","2.0 [0.8-4.2]","2.2 [0.8-4.6]","5.3 [1.8-11.3]","2.6 [1.0-5.5]","2.9 [1.1-6.0]","3.0 [1.1-6.2]","3.0 [1.1-6.4]","3.1 [1.2-6.7]","3.1 [1.1-6.6]","3.0 [1.1-6.3]","3.3 [1.2-6.8]"
"Namibia","1.9 [0.6-4.3]","1.8 [0.6-4.1]","1.9 [0.7-4.3]","2.0 [0.7-4.5]","2.1 [0.7-4.8]","1.9 [0.7-4.3]","1.8 [0.6-4.0]","1.7 [0.6-3.8]","1.7 [0.6-3.8]","1.9 [0.7-4.1]","2.0 [0.7-4.3]","2.1 [0.8-4.6]","2.4 [0.9-5.2]","2.4 [0.9-5.0]","2.3 [0.9-5.0]","2.2 [0.9-4.7]","2.4 [1.0-5.1]","2.5 [1.0-5.2]","2.6 [1.1-5.4]","2.7 [1.1-5.7]"
"Nepal","1.7 [0.6-3.6]","1.7 [0.6-3.7]","1.7 [0.6-3.7]","1.7 [0.6-3.8]","1.6 [0.6-3.3]","1.9 [0.7-4.1]","2.0 [0.7-4.2]","2.0 [0.7-4.2]","2.1 [0.8-4.3]","2.1 [0.8-4.3]","2.2 [0.8-4.4]","2.2 [0.9-4.3]","2.2 [0.9-4.4]","2.1 [0.9-4.2]","2.1 [0.8-4.2]","1.7 [0.7-3.5]","2.0 [0.8-4.0]","2.2 [0.9-4.4]","2.3 [0.9-4.7]","2.6 [1.0-5.3]"
"Netherlands","0.1 [0.1-0.1]","0.1 [0.1-0.1]","0.1 [0.1-0.2]","0.1 [0.1-0.1]","0.1 [0.1-0.2]","0.1 [0.1-0.1]","0.1 [0.0-0.1]","0.1 [0.1-0.2]","0.1 [0.1-0.2]","0.1 [0.1-0.1]","0.1 [0.1-0.2]","0.1 [0.1-0.1]","0.1 [0.0-0.1]","0.0 [0.0-0.1]","0.1 [0.1-0.1]","0.1 [0.1-0.2]","0.1 [0.0-0.1]","0.2 [0.1-0.2]","0.1 [0.1-0.1]","0.1 [0.1-0.1]"
"New Zealand","0.2 [0.1-0.3]","0.2 [0.2-0.3]","0.2 [0.2-0.3]","0.1 [0.1-0.2]","0.2 [0.2-0.3]","0.2 [0.2-0.3]","0.2 [0.2-0.3]","0.3 [0.2-0.3]","0.2 [0.2-0.3]","0.3 [0.2-0.4]","0.3 [0.3-0.4]","0.5 [0.4-0.6]","0.4 [0.3-0.5]","0.2 [0.1-0.2]","0.2 [0.2-0.3]","0.3 [0.2-0.4]","0.4 [0.3-0.5]","0.2 [0.1-0.3]","0.1 [0.1-0.1]","0.3 [0.2-0.3]"
"Nicaragua","0.3 [0.1-0.5]","0.2 [0.1-0.4]","0.2 [0.1-0.4]","0.3 [0.2-0.6]","0.2 [0.1-0.3]","0.3 [0.2-0.6]","0.3 [0.2-0.5]","0.2 [0.1-0.4]","0.3 [0.1-0.4]","0.3 [0.1-0.4]","0.4 [0.2-0.6]","0.4 [0.3-0.7]","0.3 [0.1-0.4]","0.5 [0.4-0.7]","0.3 [0.2-0.5]","0.4 [0.2-0.6]","0.3 [0.2-0.5]","0.4 [0.2-0.7]","0.5 [0.3-0.9]","0.6 [0.4-1.1]"
"Niger","3.3 [1.2-7.8]","3.4 [1.2-8.2]","3.5 [1.2-8.2]","3.5 [1.3-8.4]","3.4 [1.2-8.1]","3.5 [1.3-8.4]","3.6 [1.3-8.4]","3.6 [1.3-8.5]","3.7 [1.4-8.6]","3.9 [1.4-8.9]","3.9 [1.4-9.1]","4.0 [1.5-9.2]","4.2 [1.5-9.6]","4.3 [1.5-9.7]","4.5 [1.6-10.3]","4.0 [1.4-9.1]","4.2 [1.5-9.4]","4.4 [1.5-10.1]","4.3 [1.5-9.6]","4.7 [1.6-10.6]"
"Nigeria","3.3 [2.0-5.3]","3.5 [2.2-5.5]","3.5 [2.3-5.5]","3.6 [2.3-5.4]","3.2 [2.1-5.0]","3.4 [2.2-5.2]","3.3 [2.2-5.0]","3.4 [2.3-5.1]","3.4 [2.2-5.1]","3.5 [2.3-5.2]","3.3 [2.1-5.0]","3.3 [2.1-5.1]","3.3 [2.2-5.1]","3.3 [2.1-5.1]","2.9 [1.8-4.6]","3.2 [2.0-5.1]","3.0 [1.9-4.8]","3.3 [2.1-5.3]","3.1 [1.9-5.0]","2.9 [1.8-4.9]"
"Norway","0.3 [0.2-0.3]","0.3 [0.2-0.3]","0.3 [0.2-0.3]","0.1 [0.1-0.2]","0.3 [0.3-0.3]","0.4 [0.4-0.5]","0.3 [0.3-0.4]","0.3 [0.2-0.3]","0.3 [0.2-0.3]","0.3 [0.3-0.4]","0.4 [0.4-0.5]","0.3 [0.3-0.4]","0.4 [0.3-0.4]","0.3 [0.2-0.3]","0.3 [0.3-0.4]","0.4 [0.4-0.5]","0.2 [0.2-0.3]","0.3 [0.2-0.3]","0.4 [0.3-0.4]","0.2 [0.2-0.3]"
"Oman","0.9 [0.3-1.9]","0.9 [0.3-1.9]","0.9 [0.3-1.9]","0.9 [0.3-1.9]","1.0 [0.3-2.0]","1.0 [0.3-2.1]","1.1 [0.4-2.2]","1.1 [0.4-2.3]","1.3 [0.4-2.6]","1.4 [0.5-2.9]","1.4 [0.5-2.8]","1.5 [0.5-3.0]","1.5 [0.5-3.0]","1.5 [0.5-2.9]","1.3 [0.4-2.7]","1.3 [0.4-2.6]","1.4 [0.5-2.7]","1.3 [0.4-2.6]","1.4 [0.5-2.8]","1.4 [0.5-2.9]"
"Pakistan","1.6 [0.7-3.2]","1.5 [0.7-3.1]","1.6 [0.8-3.3]","1.7 [0.8-3.4]","1.7 [0.8-3.5]","1.7 [0.8-3.5]","2.2 [1.1-4.2]","2.2 [1.1-4.2]","2.2 [1.1-4.2]","2.2 [1.1-4.2]","2.3 [1.1-4.2]","2.3 [1.2-4.3]","2.3 [1.2-4.5]","2.3 [1.2-4.5]","1.8 [0.9-3.4]","2.4 [1.2-4.7]","2.4 [1.2-4.7]","2.4 [1.2-4.8]","2.5 [1.2-4.9]","2.5 [1.2-4.9]"
"Panama","0.1 [0.1-0.1]","0.1 [0.1-0.1]","0.1 [0.1-0.2]","0.1 [0.1-0.2]","0.1 [0.1-0.2]","0.1 [0.1-0.2]","0.3 [0.2-0.4]","0.5 [0.4-0.7]","0.3 [0.2-0.4]","0.5 [0.4-0.7]","0.5 [0.3-0.6]","0.5 [0.4-0.7]","0.8 [0.6-1.1]","3.0 [2.1-3.9]","0.4 [0.3-0.6]","0.5 [0.3-0.7]","0.7 [0.5-1.0]","0.7 [0.5-1.0]","0.4 [0.3-0.5]","0.4 [0.2-0.5]"
"Papua New Guinea","1.4 [0.5-2.9]","1.3 [0.5-2.8]","1.3 [0.5-2.8]","1.4 [0.5-2.8]","1.4 [0.5-3.0]","1.4 [0.5-2.9]","1.4 [0.5-2.8]","1.4 [0.5-2.8]","1.3 [0.4-2.7]","1.3 [0.4-2.7]","1.2 [0.4-2.5]","1.3 [0.5-2.7]","1.4 [0.5-2.8]","1.3 [0.5-2.7]","1.3 [0.4-2.7]","1.3 [0.5-2.7]","1.3 [0.5-2.7]","1.2 [0.4-2.5]","1.3 [0.5-2.8]","1.3 [0.4-2.7]"
"Paraguay","0.2 [0.1-0.4]","0.2 [0.1-0.4]","0.2 [0.1-0.3]","0.3 [0.1-0.5]","0.1 [0.1-0.3]","0.2 [0.1-0.5]","0.2 [0.1-0.5]","0.2 [0.1-0.4]","0.1 [0.1-0.3]","0.2 [0.1-0.4]","0.2 [0.1-0.4]","0.3 [0.2-0.5]","0.2 [0.1-0.5]","0.3 [0.1-0.5]","0.2 [0.1-0.4]","0.3 [0.1-0.5]","0.4 [0.2-0.8]","0.2 [0.1-0.4]","0.2 [0.1-0.4]","0.3 [0.1-0.5]"
"Peru","0.4 [0.2-0.7]","0.4 [0.2-0.7]","0.4 [0.2-0.7]","0.4 [0.2-0.7]","0.4 [0.2-0.7]","0.4 [0.2-0.7]","0.4 [0.2-0.7]","0.5 [0.3-0.8]","0.5 [0.3-0.8]","0.5 [0.3-0.8]","0.5 [0.3-0.8]","0.4 [0.3-0.7]","0.4 [0.3-0.7]","0.5 [0.3-0.8]","0.5 [0.3-0.8]","0.6 [0.3-0.9]","0.6 [0.4-1.0]","0.6 [0.4-1.0]","0.7 [0.4-1.1]","0.7 [0.4-1.2]"
"Philippines","0.2 [0.1-0.3]","0.2 [0.1-0.3]","0.2 [0.1-0.3]","0.2 [0.2-0.3]","0.2 [0.2-0.3]","0.2 [0.2-0.3]","0.2 [0.1-0.2]","0.2 [0.2-0.3]","0.2 [0.1-0.2]","0.2 [0.2-0.3]","0.2 [0.1-0.3]","0.3 [0.2-0.3]","0.2 [0.2-0.3]","0.2 [0.1-0.3]","0.2 [0.2-0.3]","0.2 [0.2-0.3]","0.2 [0.1-0.3]","0.2 [0.2-0.3]","0.3 [0.2-0.3]","0.3 [0.2-0.3]"
"Poland","0.5 [0.4-0.7]","0.7 [0.6-0.9]","0.5 [0.4-0.6]","0.5 [0.4-0.5]","0.4 [0.4-0.5]","0.6 [0.5-0.6]","0.6 [0.6-0.7]","0.7 [0.6-0.8]","0.7 [0.6-0.8]","0.9 [0.8-1.0]","0.9 [0.8-1.0]","0.9 [0.8-1.0]","0.9 [0.8-1.0]","1.2 [1.1-1.3]","1.2 [1.1-1.3]","1.1 [1.0-1.2]","1.2 [1.1-1.3]","1.1 [1.0-1.2]","1.2 [1.1-1.3]","1.1 [1.0-1.2]"
"Portugal","0.3 [0.2-0.4]","0.3 [0.2-0.5]","0.3 [0.2-0.4]","0.2 [0.1-0.2]","0.2 [0.2-0.3]","0.3 [0.2-0.4]","0.2 [0.2-0.3]","0.1 [0.1-0.1]","0.1 [0.1-0.2]","0.2 [0.1-0.2]","0.2 [0.1-0.2]","0.1 [0.1-0.2]","0.2 [0.1-0.3]","0.2 [0.1-0.3]","0.2 [0.2-0.3]","0.3 [0.2-0.3]","0.3 [0.3-0.5]","0.3 [0.2-0.4]","0.4 [0.3-0.5]","0.3 [0.2-0.4]"
"Qatar","0.3 [0.1-0.6]","0.3 [0.1-0.6]","0.3 [0.1-0.6]","0.3 [0.1-0.6]","0.3 [0.2-0.6]","0.4 [0.2-0.6]","0.4 [0.2-0.7]","0.4 [0.2-0.7]","0.5 [0.2-0.8]","0.5 [0.2-0.8]","0.5 [0.2-0.9]","0.5 [0.2-0.9]","0.5 [0.2-0.8]","0.3 [0.2-0.6]","0.3 [0.2-0.6]","0.4 [0.2-0.6]","0.4 [0.2-0.7]","0.4 [0.2-0.7]","0.4 [0.2-0.7]","0.4 [0.2-0.7]"
"Republic of Korea","0.2 [0.1-0.4]","0.3 [0.2-0.5]","0.3 [0.2-0.5]","0.3 [0.2-0.5]","0.3 [0.2-0.4]","0.3 [0.2-0.5]","0.4 [0.3-0.6]","0.5 [0.3-0.8]","0.3 [0.2-0.5]","0.4 [0.2-0.6]","0.3 [0.2-0.5]","0.3 [0.2-0.6]","0.4 [0.3-0.6]","0.6 [0.4-0.9]","0.5 [0.3-0.8]","0.5 [0.3-0.7]","0.4 [0.3-0.7]","0.6 [0.4-0.8]","0.8 [0.5-1.2]","0.8 [0.5-1.1]"
"Republic of Moldova","5.5 [3.9-7.4]","5.7 [4.2-7.5]","5.0 [3.8-6.5]","6.0 [4.6-7.7]","7.1 [5.6-9.0]","7.0 [5.5-8.8]","3.6 [2.8-4.5]","4.1 [3.3-5.2]","5.4 [4.3-6.7]","6.7 [5.3-8.3]","7.3 [5.8-8.9]","7.1 [5.6-8.7]","7.0 [5.6-8.7]","7.6 [6.1-9.3]","9.0 [7.3-10.9]","9.0 [7.2-11.1]","9.4 [7.5-11.6]","9.1 [7.3-11.3]","7.7 [6.2-9.7]","6.8 [5.4-8.5]"
"North Macedonia","0.5 [0.3-0.9]","0.5 [0.3-0.9]","0.5 [0.3-0.8]","0.5 [0.3-0.8]","0.5 [0.3-0.8]","0.6 [0.4-0.8]","0.4 [0.3-0.6]","0.5 [0.3-0.7]","0.8 [0.5-1.1]","0.6 [0.4-0.9]","0.6 [0.4-0.9]","0.9 [0.6-1.3]","0.4 [0.3-0.6]","0.6 [0.4-0.9]","0.6 [0.4-0.8]","0.7 [0.5-1.0]","0.6 [0.4-0.9]","0.8 [0.5-1.2]","0.6 [0.4-0.9]","0.7 [0.5-1.0]"
"Romania","1.9 [1.3-2.6]","1.8 [1.3-2.4]","2.0 [1.5-2.6]","1.9 [1.5-2.4]","2.0 [1.5-2.5]","2.0 [1.6-2.5]","2.2 [1.7-2.8]","2.3 [1.8-2.8]","2.6 [2.0-3.2]","2.6 [2.1-3.2]","2.7 [2.2-3.3]","2.8 [2.3-3.5]","2.8 [2.2-3.4]","3.2 [2.6-4.0]","3.6 [2.9-4.4]","4.0 [3.2-4.8]","4.2 [3.4-5.1]","4.3 [3.5-5.3]","4.6 [3.7-5.6]","4.4 [3.5-5.5]"
"Russian Federation","3.8 [3.1-4.6]","4.0 [3.5-4.5]","4.0 [3.8-4.3]","4.4 [4.1-4.6]","4.5 [4.3-4.7]","4.8 [4.6-5.0]","4.9 [4.7-5.1]","5.2 [5.0-5.4]","5.6 [5.4-5.8]","6.1 [5.8-6.3]","6.3 [6.1-6.6]","6.8 [6.5-7.1]","7.1 [6.8-7.4]","7.8 [7.4-8.1]","8.8 [8.1-9.2]","9.0 [8.6-9.3]","9.3 [9.0-9.7]","9.2 [8.9-9.6]","9.0 [8.7-9.4]","8.9 [8.6-9.3]"
"Rwanda","1.7 [0.7-3.8]","1.8 [0.7-3.9]","1.8 [0.7-4.0]","1.9 [0.8-4.0]","2.0 [0.8-4.2]","2.1 [0.8-4.5]","2.2 [0.9-4.6]","2.3 [0.9-4.9]","2.4 [1.0-5.1]","2.6 [1.1-5.4]","2.6 [1.1-5.3]","3.0 [1.2-6.2]","3.2 [1.4-6.7]","3.5 [1.4-7.2]","3.7 [1.5-7.9]","4.1 [1.7-8.6]","4.4 [1.8-9.2]","4.8 [1.9-10.1]","4.9 [2.0-10.3]","5.6 [2.2-11.7]"
"Saint Lucia","0.1 [0.1-0.2]","0.1 [0.1-0.2]","0.2 [0.1-0.2]","0.1 [0.1-0.2]","0.2 [0.1-0.2]","0.2 [0.1-0.2]","0.2 [0.1-0.2]","0.2 [0.1-0.2]","0.1 [0.1-0.2]","0.2 [0.1-0.2]","0.1 [0.1-0.2]","0.2 [0.1-0.2]","0.2 [0.1-0.2]","0.2 [0.1-0.3]","0.2 [0.1-0.3]","0.2 [0.1-0.3]","0.2 [0.2-0.3]","0.2 [0.2-0.3]","0.3 [0.2-0.4]","0.3 [0.2-0.4]"
"Saint Vincent and the Grenadines","0.0 [0.0-0.0]","0.0 [0.0-0.0]","0.0 [0.0-0.0]","0.0 [0.0-0.0]","0.0 [0.0-0.0]","0.4 [0.3-0.5]","0.3 [0.2-0.4]","0.3 [0.2-0.4]","0.3 [0.2-0.5]","0.4 [0.3-0.6]","0.3 [0.2-0.5]","0.0 [0.0-0.0]","0.0 [0.0-0.0]","0.0 [0.0-0.0]","0.0 [0.0-0.0]","0.0 [0.0-0.1]","0.1 [0.0-0.1]","0.0 [0.0-0.1]","0.1 [0.0-0.1]","0.1 [0.0-0.1]"
"Samoa","0.4 [0.2-0.9]","0.5 [0.2-1.0]","0.5 [0.2-0.9]","0.5 [0.2-1.0]","0.5 [0.2-1.0]","0.5 [0.2-1.0]","0.5 [0.2-1.0]","0.5 [0.2-1.0]","0.5 [0.2-1.0]","0.5 [0.2-1.1]","0.5 [0.2-1.1]","0.5 [0.2-1.0]","0.5 [0.2-1.1]","0.5 [0.2-1.1]","0.5 [0.2-1.0]","0.6 [0.2-1.1]","0.6 [0.2-1.2]","0.6 [0.2-1.2]","0.6 [0.2-1.3]","0.6 [0.3-1.3]"
"Sao Tome and Principe","0.7 [0.2-1.7]","0.7 [0.2-1.8]","0.7 [0.3-1.8]","0.7 [0.2-1.8]","0.7 [0.3-1.8]","0.8 [0.3-1.9]","0.8 [0.3-2.0]","0.8 [0.3-1.9]","0.8 [0.3-2.0]","0.8 [0.3-2.1]","0.9 [0.3-2.2]","0.9 [0.3-2.2]","0.9 [0.4-2.2]","0.9 [0.3-2.3]","0.9 [0.3-2.2]","0.9 [0.3-2.2]","0.9 [0.3-2.2]","1.0 [0.3-2.5]","1.0 [0.4-2.5]","1.1 [0.4-2.6]"
"Saudi Arabia","0.8 [0.4-1.6]","0.9 [0.4-1.6]","0.9 [0.4-1.7]","0.9 [0.4-1.7]","0.9 [0.4-1.6]","1.0 [0.5-1.7]","1.0 [0.5-1.7]","1.0 [0.5-1.6]","1.0 [0.5-1.6]","0.9 [0.5-1.6]","0.9 [0.5-1.5]","0.9 [0.5-1.4]","0.9 [0.5-1.4]","0.9 [0.5-1.4]","0.8 [0.4-1.4]","0.8 [0.4-1.3]","0.9 [0.4-1.5]","0.9 [0.4-1.5]","0.9 [0.4-1.5]","0.8 [0.4-1.5]"
"Senegal","1.9 [0.7-4.5]","2.0 [0.7-4.6]","2.1 [0.8-4.7]","2.2 [0.8-4.9]","2.3 [0.8-5.2]","2.3 [0.9-5.4]","2.3 [0.9-5.3]","2.4 [0.9-5.4]","2.5 [1.0-5.5]","2.5 [1.0-5.5]","2.6 [1.0-5.6]","2.8 [1.1-6.0]","2.9 [1.1-6.2]","3.0 [1.2-6.4]","3.1 [1.2-6.6]","3.2 [1.3-6.9]","3.1 [1.2-6.7]","2.4 [1.0-5.1]","3.0 [1.2-6.4]","3.4 [1.3-7.4]"
"Serbia","0.3 [0.2-0.4]","0.3 [0.2-0.4]","0.0 [0.0-0.0]","0.3 [0.2-0.5]","0.4 [0.3-0.5]","0.3 [0.2-0.5]","0.3 [0.2-0.5]","0.3 [0.2-0.5]","0.4 [0.3-0.5]","0.6 [0.4-0.9]","0.6 [0.4-0.9]","0.6 [0.4-0.8]","0.5 [0.4-0.8]","0.4 [0.3-0.6]","0.6 [0.4-0.9]","0.4 [0.2-0.5]","0.6 [0.4-0.8]","0.4 [0.2-0.5]","0.7 [0.4-1.0]","0.5 [0.3-0.7]"
"Seychelles","0.5 [0.3-0.8]","0.5 [0.3-0.8]","0.5 [0.3-0.8]","0.5 [0.3-0.8]","0.5 [0.3-0.8]","0.5 [0.4-0.8]","0.5 [0.3-0.8]","0.6 [0.4-0.8]","0.6 [0.4-0.8]","0.6 [0.4-0.8]","0.6 [0.4-0.8]","0.6 [0.4-0.9]","0.6 [0.4-0.9]","0.6 [0.4-0.9]","0.7 [0.4-1.0]","0.7 [0.4-1.0]","0.7 [0.4-1.0]","0.6 [0.4-1.0]","0.7 [0.4-1.0]","0.7 [0.4-1.0]"
"Sierra Leone","2.8 [1.0-6.5]","2.9 [1.0-6.7]","2.7 [1.0-6.2]","2.9 [1.1-6.7]","3.1 [1.1-7.1]","3.1 [1.1-7.0]","3.1 [1.1-6.9]","3.0 [1.1-6.7]","2.9 [1.1-6.5]","3.0 [1.1-6.7]","2.9 [1.1-6.5]","3.1 [1.1-7.0]","3.1 [1.1-7.1]","3.1 [1.1-7.3]","3.2 [1.2-7.5]","3.4 [1.2-7.9]","3.3 [1.2-7.4]","3.3 [1.2-7.6]","3.3 [1.2-7.4]","3.0 [1.1-6.7]"
"Singapore","0.0 [0.0-0.0]","0.1 [0.0-0.1]","0.1 [0.1-0.1]","0.0 [0.0-0.1]","0.1 [0.0-0.1]","0.0 [0.0-0.0]","0.1 [0.0-0.1]","0.0 [0.0-0.0]","0.1 [0.1-0.1]","0.0 [0.0-0.1]","0.0 [0.0-0.0]","0.1 [0.1-0.1]","0.1 [0.1-0.1]","0.1 [0.1-0.2]","0.1 [0.1-0.1]","0.0 [0.0-0.0]","0.0 [0.0-0.0]","0.0 [0.0-0.1]","0.0 [0.0-0.0]","0.0 [0.0-0.0]"
"Slovakia","0.5 [0.3-0.9]","0.5 [0.3-0.9]","0.6 [0.3-0.8]","0.6 [0.4-0.8]","0.6 [0.4-0.8]","0.6 [0.4-0.8]","0.6 [0.4-0.8]","0.6 [0.4-0.8]","0.6 [0.4-0.9]","0.6 [0.4-0.9]","0.8 [0.6-1.2]","0.7 [0.5-1.0]","0.8 [0.5-1.1]","0.8 [0.5-1.1]","0.7 [0.5-1.0]","0.9 [0.6-1.3]","0.8 [0.5-1.1]","0.9 [0.6-1.3]","0.9 [0.6-1.4]","1.1 [0.7-1.5]"
"Slovenia","0.2 [0.1-0.3]","0.2 [0.2-0.3]","0.4 [0.2-0.5]","0.4 [0.3-0.5]","0.4 [0.3-0.6]","0.4 [0.3-0.6]","0.5 [0.4-0.7]","0.3 [0.2-0.4]","0.5 [0.4-0.7]","0.5 [0.3-0.6]","0.4 [0.3-0.5]","0.5 [0.3-0.6]","0.3 [0.2-0.4]","0.8 [0.6-1.1]","0.6 [0.4-0.7]","0.7 [0.5-0.9]","0.6 [0.4-0.8]","0.4 [0.3-0.5]","0.9 [0.7-1.2]","0.5 [0.4-0.6]"
"Solomon Islands","2.3 [1.0-4.3]","2.4 [1.0-4.6]","2.1 [0.9-4.0]","1.8 [0.8-3.6]","1.9 [0.9-3.7]","1.9 [0.9-3.7]","2.0 [0.9-3.9]","2.1 [0.9-4.2]","2.1 [0.9-4.2]","2.1 [0.9-4.2]","2.1 [0.9-4.2]","2.1 [0.9-4.2]","2.0 [0.9-4.0]","2.0 [0.9-4.0]","2.0 [0.8-3.9]","1.9 [0.8-3.8]","1.9 [0.8-3.8]","1.8 [0.8-3.6]","1.6 [0.7-3.3]","1.4 [0.6-3.1]"
"Somalia","4.9 [1.7-12.5]","4.2 [1.5-10.6]","4.0 [1.5-9.9]","4.8 [1.7-12.1]","4.8 [1.7-11.9]","4.6 [1.6-11.3]","5.5 [2.0-13.7]","5.2 [1.8-12.6]","4.9 [1.8-11.9]","5.8 [2.1-14.0]","6.1 [2.2-14.8]","6.2 [2.2-15.0]","6.2 [2.2-14.8]","6.5 [2.3-15.6]","5.9 [2.1-14.1]","4.9 [1.8-11.5]","5.4 [1.9-12.8]","5.1 [1.8-12.1]","5.9 [2.1-13.9]","6.0 [2.2-14.2]"
"South Africa","1.7 [1.0-2.6]","1.7 [1.0-2.7]","1.8 [1.0-2.9]","1.9 [1.0-3.0]","1.9 [1.1-3.0]","1.9 [1.1-3.0]","1.9 [1.1-3.0]","1.9 [1.1-2.9]","1.8 [1.1-2.9]","2.0 [1.2-3.1]","2.2 [1.4-3.3]","2.2 [1.4-3.3]","2.1 [1.3-3.0]","2.0 [1.3-2.9]","2.1 [1.4-3.0]","2.1 [1.4-3.0]","2.2 [1.4-3.0]","2.1 [1.4-2.9]","2.1 [1.4-2.8]","2.0 [1.4-2.8]"
"South Sudan","2.3 [0.8-5.4]","2.2 [0.8-5.2]","2.0 [0.7-4.8]","2.1 [0.7-4.9]","2.0 [0.7-4.7]","1.7 [0.6-4.0]","1.8 [0.6-4.0]","2.1 [0.7-4.9]","2.1 [0.7-4.9]","2.3 [0.7-5.3]","2.2 [0.7-5.0]","2.6 [0.8-6.0]","2.6 [0.9-6.1]","2.7 [0.8-6.1]","2.8 [0.9-6.5]","2.8 [0.9-6.5]","2.7 [0.8-6.4]","2.8 [0.8-6.7]","2.9 [0.9-7.0]","2.8 [0.9-6.7]"
"Spain","0.4 [0.3-0.5]","0.4 [0.3-0.5]","0.4 [0.3-0.5]","0.4 [0.3-0.5]","0.3 [0.3-0.4]","0.4 [0.3-0.6]","0.5 [0.4-0.7]","0.4 [0.3-0.6]","0.4 [0.3-0.6]","0.5 [0.4-0.6]","0.5 [0.4-0.7]","0.6 [0.5-0.8]","0.4 [0.3-0.5]","0.5 [0.4-0.7]","0.6 [0.5-0.8]","0.4 [0.3-0.5]","0.4 [0.3-0.5]","0.3 [0.3-0.4]","0.5 [0.4-0.6]","0.4 [0.3-0.6]"
"Sri Lanka","0.4 [0.2-0.8]","0.4 [0.2-0.9]","0.5 [0.2-0.9]","0.5 [0.3-0.9]","0.5 [0.3-0.9]","0.5 [0.3-0.9]","0.4 [0.2-0.7]","0.6 [0.3-1.1]","0.9 [0.6-1.8]","0.5 [0.3-1.0]","0.9 [0.6-1.6]","0.7 [0.5-1.3]","1.0 [0.7-1.7]","0.9 [0.6-1.5]","1.1 [0.7-1.7]","0.8 [0.5-1.3]","0.7 [0.5-1.2]","0.7 [0.5-1.2]","0.8 [0.6-1.3]","1.1 [0.7-1.6]"
"Sudan","1.7 [0.5-4.0]","1.9 [0.6-4.4]","2.1 [0.6-4.9]","2.1 [0.6-4.9]","2.2 [0.7-5.2]","2.4 [0.7-5.6]","2.3 [0.6-5.3]","2.3 [0.6-5.2]","2.3 [0.7-5.4]","2.5 [0.7-5.7]","2.5 [0.7-5.8]","2.5 [0.7-6.0]","2.5 [0.7-5.9]","2.5 [0.7-5.9]","2.6 [0.7-6.2]","2.2 [0.6-5.1]","2.4 [0.6-5.6]","2.6 [0.7-6.1]","2.8 [0.7-6.6]","2.9 [0.7-7.0]"
"Suriname","0.3 [0.1-0.6]","0.3 [0.1-0.6]","0.3 [0.1-0.6]","0.3 [0.1-0.6]","0.3 [0.1-0.6]","0.3 [0.1-0.6]","0.3 [0.1-0.5]","0.3 [0.1-0.6]","0.2 [0.1-0.5]","0.3 [0.1-0.6]","0.3 [0.1-0.5]","0.3 [0.1-0.5]","0.3 [0.2-0.6]","0.3 [0.2-0.6]","0.3 [0.2-0.6]","0.3 [0.2-0.6]","0.3 [0.2-0.6]","0.4 [0.2-0.6]","0.4 [0.2-0.7]","0.4 [0.2-0.7]"
"Sweden","0.2 [0.1-0.2]","0.1 [0.1-0.2]","0.2 [0.2-0.3]","0.2 [0.1-0.2]","0.2 [0.1-0.2]","0.1 [0.1-0.2]","0.1 [0.1-0.2]","0.2 [0.1-0.2]","0.2 [0.1-0.2]","0.3 [0.2-0.3]","0.3 [0.2-0.4]","0.2 [0.2-0.3]","0.3 [0.2-0.4]","0.3 [0.2-0.3]","0.2 [0.1-0.2]","0.2 [0.2-0.3]","0.2 [0.2-0.3]","0.1 [0.1-0.2]","0.2 [0.1-0.2]","0.2 [0.1-0.2]"
"Switzerland","0.2 [0.1-0.2]","0.2 [0.1-0.2]","0.1 [0.1-0.2]","0.1 [0.1-0.1]","0.2 [0.2-0.3]","0.1 [0.1-0.1]","0.1 [0.1-0.1]","0.1 [0.1-0.2]","0.1 [0.1-0.1]","0.2 [0.1-0.2]","0.1 [0.1-0.1]","0.2 [0.1-0.3]","0.1 [0.1-0.2]","0.2 [0.1-0.3]","0.1 [0.1-0.2]","0.1 [0.1-0.1]","0.1 [0.1-0.1]","0.1 [0.1-0.2]","0.2 [0.2-0.3]","0.2 [0.2-0.3]"
"Syrian Arab Republic","0.6 [0.3-1.1]","0.7 [0.3-1.2]","0.5 [0.3-0.9]","0.4 [0.2-0.7]","0.7 [0.4-1.2]","0.9 [0.5-1.5]","0.8 [0.4-1.3]","0.5 [0.3-0.8]","0.3 [0.1-0.5]","0.4 [0.2-0.7]","0.4 [0.2-0.7]","0.4 [0.2-0.8]","0.4 [0.2-0.7]","0.4 [0.2-0.7]","0.4 [0.2-0.8]","0.4 [0.2-0.8]","0.4 [0.2-0.7]","0.4 [0.2-0.8]","0.5 [0.3-0.8]","0.5 [0.3-0.9]"
"Tajikistan","0.4 [0.2-1.2]","0.4 [0.2-1.2]","0.4 [0.1-1.2]","0.4 [0.1-1.2]","0.4 [0.2-1.2]","0.5 [0.2-1.3]","0.6 [0.3-1.4]","0.7 [0.3-1.5]","0.8 [0.4-1.6]","0.9 [0.4-1.7]","1.0 [0.5-1.9]","1.1 [0.6-2.0]","1.2 [0.6-2.1]","1.3 [0.7-2.2]","1.3 [0.7-2.2]","1.3 [0.7-2.2]","1.4 [0.8-2.4]","1.6 [0.9-2.6]","1.7 [0.9-2.8]","1.9 [1.0-3.1]"
"Thailand","0.2 [0.1-0.3]","0.2 [0.1-0.3]","0.2 [0.1-0.3]","0.2 [0.1-0.3]","0.2 [0.1-0.3]","0.2 [0.1-0.3]","0.2 [0.1-0.3]","0.2 [0.1-0.4]","0.2 [0.1-0.4]","0.2 [0.1-0.4]","0.2 [0.1-0.4]","0.2 [0.1-0.4]","0.3 [0.1-0.4]","0.3 [0.1-0.5]","0.3 [0.2-0.5]","0.4 [0.2-0.6]","0.4 [0.2-0.6]","0.4 [0.2-0.6]","0.4 [0.2-0.6]","0.4 [0.2-0.7]"
"Timor-Leste","0.4 [0.1-0.8]","0.4 [0.1-0.9]","0.4 [0.1-0.9]","0.4 [0.1-0.9]","0.4 [0.1-0.9]","0.4 [0.1-1.0]","0.4 [0.1-1.0]","0.5 [0.1-1.0]","0.5 [0.1-1.1]","0.5 [0.1-1.1]","0.5 [0.1-1.2]","0.5 [0.1-1.1]","0.5 [0.1-1.2]","0.6 [0.1-1.3]","0.6 [0.2-1.5]","0.7 [0.2-1.6]","0.8 [0.2-1.8]","0.8 [0.2-1.8]","0.8 [0.2-2.0]","0.9 [0.2-2.1]"
"Togo","1.9 [0.7-4.4]","2.0 [0.8-4.6]","2.1 [0.8-4.7]","2.1 [0.8-4.7]","2.2 [0.9-4.9]","2.3 [0.9-4.9]","2.3 [0.9-4.9]","2.4 [0.9-5.0]","2.4 [1.0-5.1]","2.4 [1.0-5.1]","2.4 [1.0-5.0]","2.4 [1.0-5.0]","2.4 [1.0-5.1]","2.5 [1.0-5.2]","2.4 [1.0-4.9]","2.5 [1.0-5.2]","2.5 [1.1-5.3]","2.6 [1.1-5.4]","2.5 [1.0-5.1]","2.5 [1.1-5.2]"
"Tonga","1.1 [0.5-2.3]","1.2 [0.5-2.5]","1.3 [0.5-2.6]","1.3 [0.5-2.6]","1.4 [0.6-2.9]","1.4 [0.6-2.9]","1.4 [0.6-3.0]","1.5 [0.6-3.0]","1.5 [0.6-3.0]","1.5 [0.6-3.0]","1.1 [0.5-2.2]","1.4 [0.6-2.8]","1.4 [0.6-2.8]","1.4 [0.6-2.8]","1.4 [0.6-2.8]","1.5 [0.7-3.0]","1.5 [0.7-2.9]","1.5 [0.7-2.9]","1.5 [0.7-2.9]","1.5 [0.7-2.9]"
"Trinidad and Tobago","0.1 [0.1-0.2]","0.1 [0.1-0.2]","0.1 [0.1-0.2]","0.1 [0.1-0.2]","0.1 [0.1-0.2]","0.1 [0.1-0.2]","0.1 [0.1-0.2]","0.1 [0.1-0.2]","0.1 [0.1-0.2]","0.1 [0.1-0.2]","0.1 [0.1-0.2]","0.2 [0.1-0.2]","0.1 [0.1-0.2]","0.1 [0.1-0.2]","0.1 [0.1-0.2]","0.1 [0.1-0.2]","0.1 [0.1-0.2]","0.2 [0.1-0.3]","0.2 [0.2-0.3]","0.2 [0.2-0.3]"
"Tunisia","0.7 [0.2-1.4]","0.7 [0.2-1.4]","0.7 [0.2-1.4]","0.7 [0.2-1.4]","0.7 [0.2-1.4]","0.7 [0.2-1.5]","0.7 [0.2-1.5]","0.7 [0.3-1.5]","0.7 [0.3-1.5]","0.8 [0.3-1.6]","0.8 [0.3-1.6]","0.8 [0.3-1.6]","0.8 [0.3-1.6]","0.8 [0.3-1.7]","0.8 [0.3-1.7]","0.9 [0.3-1.8]","0.9 [0.3-1.8]","0.9 [0.3-1.9]","0.9 [0.3-1.9]","0.9 [0.3-2.0]"
"Turkey","0.4 [0.2-0.8]","0.4 [0.2-0.7]","0.5 [0.2-0.7]","0.5 [0.2-0.7]","0.4 [0.3-0.7]","0.5 [0.3-0.7]","0.4 [0.3-0.6]","0.4 [0.2-0.6]","0.4 [0.2-0.6]","0.4 [0.2-0.6]","0.4 [0.2-0.6]","0.4 [0.2-0.7]","0.4 [0.2-0.7]","0.5 [0.2-0.8]","0.5 [0.2-0.9]","0.5 [0.3-1.0]","0.6 [0.3-1.1]","0.7 [0.3-1.3]","0.8 [0.3-1.5]","0.8 [0.4-1.7]"
"Turkmenistan","0.6 [0.4-0.9]","0.6 [0.4-0.9]","0.6 [0.4-0.9]","0.7 [0.5-1.0]","0.7 [0.5-1.0]","0.7 [0.5-1.0]","0.8 [0.5-1.0]","0.8 [0.5-1.1]","0.8 [0.6-1.1]","0.9 [0.6-1.2]","1.0 [0.7-1.3]","1.2 [0.9-1.6]","1.3 [1.0-1.8]","1.5 [1.1-2.0]","1.5 [1.1-2.0]","1.4 [1.0-1.9]","1.4 [1.0-1.9]","1.4 [1.0-1.9]","1.3 [1.0-1.8]","1.3 [1.0-1.8]"
"Uganda","1.7 [0.6-3.7]","1.7 [0.6-3.8]","1.7 [0.7-3.9]","1.9 [0.7-4.2]","1.9 [0.7-4.3]","2.0 [0.8-4.3]","2.1 [0.8-4.6]","2.3 [0.9-5.0]","2.4 [1.0-5.2]","2.4 [1.0-5.2]","2.5 [1.0-5.3]","2.5 [1.0-5.3]","2.7 [1.1-5.5]","2.9 [1.2-6.0]","3.1 [1.2-6.4]","3.1 [1.2-6.5]","2.9 [1.2-6.0]","2.9 [1.2-6.2]","3.2 [1.3-6.8]","3.2 [1.2-6.7]"
"Ukraine","2.5 [1.8-3.4]","2.5 [1.8-3.3]","2.3 [1.8-2.9]","2.3 [1.8-2.8]","2.3 [1.8-2.8]","2.7 [2.3-3.2]","2.7 [2.3-3.1]","3.0 [2.5-3.5]","3.1 [2.7-3.7]","3.5 [3.0-4.1]","4.1 [3.6-4.8]","5.2 [4.4-6.1]","5.7 [4.9-6.6]","6.0 [5.2-6.9]","7.0 [6.0-8.2]","7.6 [6.5-8.8]","7.8 [6.6-9.1]","8.2 [6.9-9.6]","8.1 [6.8-9.5]","8.3 [7.0-9.7]"
"United Arab Emirates","0.4 [0.1-0.7]","0.4 [0.1-0.7]","0.3 [0.1-0.7]","0.4 [0.1-0.7]","0.4 [0.1-0.8]","0.4 [0.1-0.8]","0.5 [0.2-0.9]","0.5 [0.2-0.9]","0.5 [0.2-1.0]","0.5 [0.2-1.0]","0.5 [0.2-1.0]","0.5 [0.2-1.0]","0.5 [0.2-0.9]","0.6 [0.2-1.0]","0.5 [0.2-1.0]","0.5 [0.2-0.9]","0.5 [0.2-0.9]","0.5 [0.2-1.0]","0.5 [0.2-1.0]","0.6 [0.2-1.1]"
"United Kingdom of Great Britain and Northern Ireland","0.3 [0.3-0.4]","0.3 [0.3-0.3]","0.3 [0.3-0.3]","0.3 [0.3-0.3]","0.3 [0.3-0.4]","0.3 [0.3-0.3]","0.3 [0.3-0.3]","0.3 [0.2-0.3]","0.3 [0.3-0.3]","0.3 [0.3-0.3]","0.3 [0.3-0.4]","0.3 [0.3-0.3]","0.3 [0.3-0.3]","0.3 [0.3-0.3]","0.2 [0.2-0.2]","0.2 [0.2-0.3]","0.2 [0.2-0.3]","0.3 [0.3-0.3]","0.3 [0.3-0.3]","0.3 [0.3-0.3]"
"United Republic of Tanzania","2.0 [0.8-4.5]","2.0 [0.8-4.6]","2.1 [0.8-4.6]","2.2 [0.8-4.8]","2.2 [0.8-4.8]","2.3 [0.9-4.9]","2.4 [0.9-5.1]","2.3 [0.9-4.8]","2.4 [1.0-5.1]","2.5 [1.1-5.2]","2.6 [1.2-5.3]","2.7 [1.2-5.5]","2.7 [1.2-5.3]","2.7 [1.2-5.2]","2.7 [1.2-5.3]","2.9 [1.3-5.4]","3.0 [1.5-5.6]","3.1 [1.5-5.7]","3.5 [1.7-6.2]","3.8 [1.9-6.7]"
"United States of America","0.5 [0.4-0.6]","0.5 [0.4-0.5]","0.5 [0.4-0.6]","0.5 [0.4-0.5]","0.4 [0.4-0.5]","0.4 [0.4-0.5]","0.4 [0.4-0.4]","0.4 [0.4-0.4]","0.4 [0.4-0.5]","0.4 [0.4-0.4]","0.4 [0.4-0.5]","0.4 [0.4-0.5]","0.4 [0.4-0.4]","0.4 [0.4-0.4]","0.4 [0.4-0.4]","0.4 [0.3-0.4]","0.4 [0.4-0.4]","0.4 [0.4-0.4]","0.4 [0.3-0.4]","0.4 [0.3-0.4]"
"Uruguay","0.5 [0.3-0.7]","0.5 [0.3-0.6]","0.4 [0.2-0.5]","0.5 [0.4-0.7]","0.5 [0.3-0.7]","0.5 [0.3-0.6]","0.5 [0.3-0.6]","0.9 [0.6-1.2]","0.5 [0.3-0.6]","0.5 [0.3-0.6]","0.2 [0.1-0.2]","0.5 [0.4-0.7]","0.4 [0.3-0.5]","0.4 [0.3-0.5]","0.4 [0.3-0.5]","0.4 [0.3-0.6]","0.4 [0.3-0.5]","0.3 [0.2-0.4]","0.5 [0.4-0.7]","0.8 [0.6-1.0]"
"Uzbekistan","0.8 [0.6-1.2]","0.9 [0.6-1.2]","0.9 [0.6-1.2]","0.9 [0.7-1.2]","0.9 [0.7-1.2]","1.0 [0.7-1.2]","1.0 [0.8-1.3]","1.0 [0.8-1.3]","1.0 [0.8-1.3]","1.0 [0.7-1.2]","1.0 [0.8-1.3]","1.0 [0.8-1.3]","1.0 [0.8-1.3]","1.1 [0.8-1.4]","1.2 [0.9-1.5]","1.1 [0.9-1.4]","1.2 [0.9-1.5]","1.3 [1.0-1.7]","1.4 [1.1-1.8]","1.4 [1.1-1.8]"
"Vanuatu","0.7 [0.3-1.5]","0.7 [0.3-1.5]","0.7 [0.3-1.5]","0.8 [0.3-1.6]","0.8 [0.3-1.5]","0.8 [0.3-1.6]","0.8 [0.3-1.7]","0.8 [0.3-1.7]","0.8 [0.3-1.7]","0.8 [0.3-1.7]","0.8 [0.3-1.7]","0.8 [0.3-1.7]","0.8 [0.3-1.7]","0.9 [0.3-1.8]","0.8 [0.3-1.7]","0.8 [0.3-1.7]","0.9 [0.3-1.8]","0.9 [0.3-1.8]","0.9 [0.4-1.8]","0.9 [0.4-1.9]"
"Venezuela (Bolivarian Republic of)","0.2 [0.1-0.4]","0.2 [0.1-0.4]","0.2 [0.1-0.4]","0.2 [0.2-0.4]","0.2 [0.2-0.3]","0.1 [0.1-0.2]","0.3 [0.2-0.4]","0.4 [0.3-0.5]","0.3 [0.2-0.4]","0.3 [0.2-0.5]","0.7 [0.5-1.0]","0.6 [0.4-0.8]","0.4 [0.3-0.5]","0.2 [0.2-0.3]","0.2 [0.1-0.3]","0.3 [0.2-0.3]","0.3 [0.2-0.4]","0.4 [0.3-0.6]","0.3 [0.3-0.5]","0.3 [0.2-0.3]"
"Viet Nam","0.9 [0.3-1.7]","0.9 [0.3-1.7]","0.9 [0.3-1.8]","0.9 [0.3-1.8]","0.9 [0.3-1.8]","0.9 [0.3-1.7]","1.1 [0.5-2.1]","1.1 [0.5-2.0]","1.1 [0.5-2.0]","1.1 [0.5-1.9]","1.1 [0.5-1.9]","1.1 [0.5-1.9]","1.1 [0.5-1.9]","1.1 [0.4-1.9]","1.1 [0.4-1.9]","1.1 [0.4-2.0]","1.1 [0.4-2.1]","1.1 [0.4-2.1]","1.2 [0.4-2.2]","1.2 [0.4-2.3]"
"Yemen","1.8 [0.6-4.1]","1.5 [0.5-3.3]","1.6 [0.5-3.5]","1.7 [0.6-3.9]","2.3 [0.7-5.4]","1.9 [0.6-4.3]","1.9 [0.6-4.5]","1.9 [0.6-4.2]","1.9 [0.6-4.2]","1.9 [0.6-4.4]","2.1 [0.7-4.7]","2.2 [0.7-5.0]","2.2 [0.7-5.2]","2.3 [0.7-5.2]","2.4 [0.7-5.6]","2.4 [0.7-5.6]","2.6 [0.8-5.9]","2.8 [0.8-6.5]","2.9 [0.9-6.9]","2.8 [0.8-6.8]"
"Zambia","2.6 [1.1-5.4]","2.7 [1.2-5.7]","2.8 [1.2-5.8]","2.8 [1.2-5.7]","2.9 [1.3-5.8]","3.0 [1.3-6.0]","3.0 [1.3-5.9]","3.1 [1.4-6.1]","3.3 [1.5-6.4]","3.3 [1.5-6.5]","3.5 [1.6-6.9]","3.5 [1.6-7.1]","3.7 [1.6-7.4]","4.0 [1.7-8.0]","4.1 [1.7-8.2]","4.2 [1.8-8.5]","4.1 [1.7-8.4]","4.1 [1.7-8.5]","4.4 [1.7-9.1]","4.6 [1.8-9.5]"
"Zimbabwe","3.5 [1.2-8.0]","3.8 [1.3-8.7]","3.7 [1.3-8.4]","4.2 [1.5-9.5]","4.3 [1.5-9.6]","4.4 [1.5-9.9]","4.5 [1.6-10.1]","4.5 [1.6-9.9]","4.6 [1.6-9.9]","4.6 [1.7-10.1]","4.6 [1.6-9.9]","4.1 [1.5-8.9]","3.5 [1.3-7.5]","3.1 [1.2-6.8]","2.9 [1.1-6.2]","2.8 [1.0-6.0]","2.5 [1.0-5.5]","2.5 [1.0-5.4]","2.5 [1.0-5.6]","2.6 [1.0-5.6]"
