"","Number of deaths due to HIV/AIDS","Number of deaths due to HIV/AIDS","Number of deaths due to HIV/AIDS","Number of deaths due to HIV/AIDS","Number of deaths due to HIV/AIDS","Number of deaths due to HIV/AIDS","Number of deaths due to HIV/AIDS","Number of deaths due to HIV/AIDS","Number of deaths due to HIV/AIDS","Number of deaths due to HIV/AIDS","Number of deaths due to HIV/AIDS","Number of deaths due to HIV/AIDS","Number of deaths due to HIV/AIDS","Number of deaths due to HIV/AIDS","Number of deaths due to HIV/AIDS","Number of deaths due to HIV/AIDS","Number of deaths due to HIV/AIDS","Number of deaths due to HIV/AIDS","Number of deaths due to HIV/AIDS","Number of deaths due to HIV/AIDS"
"Country"," 2019"," 2018"," 2017"," 2016"," 2015"," 2014"," 2013"," 2012"," 2011"," 2010"," 2009"," 2008"," 2007"," 2006"," 2005"," 2004"," 2003"," 2002"," 2001"," 2000"
"Afghanistan","&lt;500 [&lt;200–1400]","&lt;500 [&lt;200–1300]","&lt;500 [&lt;200–1200]","&lt;500 [&lt;200–1100]","&lt;500 [&lt;200–980]","&lt;500 [&lt;200–870]","&lt;500 [&lt;200–790]","&lt;500 [&lt;200–690]","&lt;500 [&lt;200–620]","&lt;500 [&lt;200–590]","&lt;500 [&lt;200–530]","&lt;200 [&lt;200–510]","&lt;200 [&lt;100–&lt;500]","&lt;200 [&lt;100–&lt;500]","&lt;200 [&lt;100–&lt;500]","&lt;200 [&lt;100–&lt;500]","&lt;200 [&lt;100–&lt;500]","&lt;100 [&lt;100–&lt;500]","&lt;100 [&lt;100–&lt;200]","&lt;100 [&lt;100–&lt;200]"
"Albania","&lt;100 [&lt;100–&lt;100]","&lt;100 [&lt;100–&lt;100]","&lt;100 [&lt;100–&lt;100]","&lt;100 [&lt;100–&lt;100]","&lt;100 [&lt;100–&lt;100]","&lt;100 [&lt;100–&lt;100]","&lt;100 [&lt;100–&lt;100]","&lt;100 [&lt;100–&lt;100]","&lt;100 [&lt;100–&lt;100]","&lt;100 [&lt;100–&lt;100]","&lt;100 [&lt;100–&lt;100]","&lt;100 [&lt;100–&lt;100]","&lt;100 [&lt;100–&lt;100]","&lt;100 [&lt;100–&lt;100]","&lt;100 [&lt;100–&lt;100]","&lt;100 [&lt;100–&lt;100]","&lt;100 [&lt;100–&lt;100]","&lt;100 [&lt;100–&lt;100]","&lt;100 [&lt;100–&lt;100]","&lt;100 [&lt;100–&lt;100]"
"Algeria","&lt;200 [&lt;100–&lt;500]","&lt;200 [&lt;100–&lt;500]","&lt;200 [&lt;100–&lt;500]","&lt;200 [&lt;100–&lt;500]","&lt;200 [&lt;100–&lt;500]","&lt;200 [&lt;100–&lt;500]","&lt;200 [&lt;100–&lt;500]","&lt;200 [&lt;100–&lt;500]","&lt;200 [&lt;100–&lt;500]","&lt;200 [&lt;100–&lt;500]","&lt;200 [&lt;100–&lt;500]","&lt;200 [&lt;100–&lt;500]","&lt;200 [&lt;100–&lt;500]","&lt;200 [&lt;100–&lt;200]","&lt;200 [&lt;100–&lt;200]","&lt;100 [&lt;100–&lt;200]","&lt;100 [&lt;100–&lt;200]","&lt;100 [&lt;100–&lt;200]","&lt;100 [&lt;100–&lt;100]","&lt;100 [&lt;100–&lt;100]"
"Angola","13 000 [9600–16 000]","13 000 [9700–17 000]","11 000 [8500–15 000]","9900 [7300–13 000]","9600 [7000–12 000]","10 000 [7400–13 000]","11 000 [8100–14 000]","11 000 [7900–14 000]","10 000 [7400–13 000]","9400 [7000–12 000]","9000 [6800–12 000]","8600 [6400–11 000]","8200 [6200–11 000]","8400 [6300–11 000]","7800 [6000–10 000]","6900 [5300–9000]","6100 [4600–8000]","5300 [3900–7000]","4500 [3300–6100]","3800 [2800–5400]"
"Argentina","1400 [920–2300]","1400 [910–2300]","1400 [910–2200]","1400 [930–2300]","1400 [930–2200]","1300 [910–2000]","1300 [930–2000]","1300 [980–1900]","1400 [1000–2000]","1400 [1000–2000]","1400 [1000–2000]","1400 [1100–2100]","1400 [1100–2200]","1400 [1100–2100]","1300 [1000–2000]","1300 [1000–2000]","1300 [980–1900]","1200 [950–1800]","1200 [930–1800]","1200 [930–1700]"
"Armenia","&lt;100 [&lt;100–&lt;200]","&lt;200 [&lt;100–&lt;200]","&lt;200 [&lt;100–&lt;200]","&lt;200 [&lt;100–&lt;200]","&lt;200 [&lt;100–&lt;200]","&lt;200 [&lt;200–&lt;200]","&lt;200 [&lt;200–&lt;200]","&lt;200 [&lt;200–&lt;200]","&lt;200 [&lt;200–&lt;200]","&lt;200 [&lt;200–&lt;200]","&lt;200 [&lt;100–&lt;200]","&lt;200 [&lt;100–&lt;200]","&lt;200 [&lt;100–&lt;200]","&lt;100 [&lt;100–&lt;200]","&lt;100 [&lt;100–&lt;200]","&lt;100 [&lt;100–&lt;200]","&lt;100 [&lt;100–&lt;100]","&lt;100 [&lt;100–&lt;100]","&lt;100 [&lt;100–&lt;100]","&lt;100 [&lt;100–&lt;100]"
"Australia","&lt;100 [&lt;100–&lt;200]","&lt;100 [&lt;100–&lt;200]","&lt;100 [&lt;100–&lt;200]","&lt;100 [&lt;100–&lt;200]","&lt;100 [&lt;100–&lt;200]","&lt;100 [&lt;100–&lt;200]","&lt;200 [&lt;100–&lt;500]","&lt;200 [&lt;100–&lt;500]","&lt;200 [&lt;100–&lt;500]","&lt;200 [&lt;200–&lt;500]","&lt;200 [&lt;200–&lt;500]","&lt;200 [&lt;200–&lt;500]","&lt;200 [&lt;200–&lt;500]","&lt;200 [&lt;200–&lt;500]","&lt;200 [&lt;200–&lt;500]","&lt;200 [&lt;200–&lt;500]","&lt;200 [&lt;200–&lt;500]","&lt;200 [&lt;200–&lt;500]","&lt;200 [&lt;200–&lt;500]","&lt;200 [&lt;200–&lt;500]"
"Austria","No data","No data","No data","No data","No data","No data","No data","No data","No data","No data","No data","No data","No data","No data","No data","No data","No data","No data","No data","No data"
"Azerbaijan","&lt;500 [&lt;200–660]","&lt;500 [&lt;500–670]","&lt;500 [&lt;500–670]","&lt;500 [&lt;500–670]","&lt;500 [&lt;500–730]","&lt;500 [&lt;500–730]","540 [&lt;500–770]","570 [&lt;500–820]","560 [&lt;500–830]","560 [&lt;500–840]","560 [&lt;500–860]","560 [&lt;500–870]","540 [&lt;500–880]","&lt;500 [&lt;500–840]","&lt;500 [&lt;200–780]","&lt;500 [&lt;200–710]","&lt;500 [&lt;100–620]","&lt;500 [&lt;100–520]","&lt;200 [&lt;100–&lt;500]","&lt;200 [&lt;100–&lt;500]"
"Bahamas","No data","No data","No data","No data","No data","No data","No data","No data","No data","No data","No data","No data","No data","No data","No data","No data","No data","No data","No data","No data"
"Bahrain","No data","No data","No data","No data","No data","No data","No data","No data","No data","No data","No data","No data","No data","No data","No data","No data","No data","No data","No data","No data"
"Bangladesh","No data","No data","No data","No data","No data","No data","No data","No data","No data","No data","No data","No data","No data","No data","No data","No data","No data","No data","No data","No data"
"Barbados","&lt;100 [&lt;100–&lt;200]","&lt;100 [&lt;100–&lt;200]","&lt;100 [&lt;100–&lt;200]","&lt;100 [&lt;100–&lt;500]","&lt;100 [&lt;100–&lt;200]","&lt;100 [&lt;100–&lt;200]","&lt;100 [&lt;100–&lt;200]","&lt;100 [&lt;100–&lt;200]","&lt;100 [&lt;100–&lt;200]","&lt;200 [&lt;100–&lt;200]","&lt;200 [&lt;100–&lt;200]","&lt;200 [&lt;100–&lt;200]","&lt;200 [&lt;100–&lt;500]","&lt;200 [&lt;100–&lt;200]","&lt;200 [&lt;100–&lt;200]","&lt;200 [&lt;100–&lt;500]","&lt;500 [&lt;200–&lt;500]","&lt;500 [&lt;200–&lt;500]","&lt;500 [&lt;200–&lt;500]","&lt;500 [&lt;200–&lt;500]"
"Belarus","&lt;200 [&lt;200–&lt;500]","&lt;500 [&lt;200–&lt;500]","&lt;500 [&lt;200–&lt;500]","&lt;500 [&lt;200–&lt;500]","&lt;500 [&lt;200–&lt;500]","&lt;200 [&lt;200–&lt;500]","&lt;200 [&lt;200–&lt;500]","&lt;200 [&lt;200–&lt;500]","&lt;200 [&lt;200–&lt;500]","&lt;200 [&lt;200–&lt;500]","&lt;200 [&lt;100–&lt;500]","&lt;200 [&lt;100–&lt;500]","&lt;200 [&lt;100–&lt;200]","&lt;200 [&lt;100–&lt;500]","&lt;200 [&lt;100–&lt;200]","&lt;200 [&lt;100–&lt;200]","&lt;100 [&lt;100–&lt;200]","&lt;100 [&lt;100–&lt;200]","&lt;100 [&lt;100–&lt;100]","&lt;100 [&lt;100–&lt;100]"
"Belgium","No data","No data","No data","No data","No data","No data","No data","No data","No data","No data","No data","No data","No data","No data","No data","No data","No data","No data","No data","No data"
"Belize","No data","No data","No data","No data","No data","No data","No data","No data","No data","No data","No data","No data","No data","No data","No data","No data","No data","No data","No data","No data"
"Benin","2300 [1200–4400]","2300 [1200–4500]","2300 [1200–4400]","2400 [1200–4700]","2600 [1300–5100]","2500 [1300–4900]","2300 [1200–4500]","2200 [1100–4400]","2200 [1200–4400]","2300 [1200–4500]","2600 [1300–5000]","4300 [2200–8300]","4600 [2400–9000]","4500 [2300–8800]","4300 [2200–8300]","4000 [2100–7800]","3700 [1900–7300]","3400 [1700–6600]","3000 [1500–5900]","2600 [1300–5100]"
"Bhutan","No data","No data","No data","No data","No data","No data","No data","No data","No data","No data","No data","No data","No data","No data","No data","No data","No data","No data","No data","No data"
"Bolivia (Plurinational State of)","&lt;200 [&lt;200–&lt;500]","&lt;500 [&lt;200–&lt;500]","&lt;500 [&lt;200–&lt;500]","&lt;500 [&lt;500–&lt;500]","&lt;500 [&lt;500–590]","540 [&lt;500–710]","670 [&lt;500–850]","820 [620–1100]","1000 [800–1300]","1300 [1100–1600]","1600 [1300–1900]","1600 [1300–1900]","1700 [1300–2100]","1700 [1300–2100]","1700 [1300–2200]","1700 [1200–2300]","1700 [1100–2300]","1700 [1000–2300]","1600 [930–2300]","1500 [850–2200]"
"Bosnia and Herzegovina","No data","No data","No data","No data","No data","No data","No data","No data","No data","No data","No data","No data","No data","No data","No data","No data","No data","No data","No data","No data"
"Botswana","5000 [4200–5700]","4900 [4200–5700]","5000 [4300–5800]","5000 [4300–5800]","4900 [4200–5600]","5100 [4400–5900]","5500 [4800–6300]","6100 [5400–6800]","6600 [5900–7300]","6900 [6200–7600]","7600 [6800–8300]","7900 [7100–8800]","8400 [7400–9400]","9400 [8300–10 000]","11 000 [9800–13 000]","14 000 [12 000–16 000]","17 000 [14 000–19 000]","17 000 [14 000–20 000]","16 000 [14 000–19 000]","15 000 [12 000–18 000]"
"Brazil","14 000 [6300–21 000]","14 000 [6400–21 000]","14 000 [6500–22 000]","15 000 [6900–23 000]","16 000 [7200–25 000]","16 000 [7200–25 000]","16 000 [7100–24 000]","16 000 [6900–24 000]","16 000 [6900–24 000]","15 000 [6700–23 000]","16 000 [7200–25 000]","16 000 [7300–24 000]","16 000 [7400–24 000]","16 000 [7500–25 000]","16 000 [7400–24 000]","16 000 [7300–24 000]","15 000 [7300–23 000]","15 000 [7100–23 000]","15 000 [7100–23 000]","15 000 [7300–23 000]"
"Brunei Darussalam","No data","No data","No data","No data","No data","No data","No data","No data","No data","No data","No data","No data","No data","No data","No data","No data","No data","No data","No data","No data"
"Bulgaria","&lt;100 [&lt;100–&lt;100]","&lt;100 [&lt;100–&lt;100]","&lt;100 [&lt;100–&lt;100]","&lt;100 [&lt;100–&lt;100]","&lt;100 [&lt;100–&lt;100]","&lt;100 [&lt;100–&lt;100]","&lt;100 [&lt;100–&lt;100]","&lt;100 [&lt;100–&lt;100]","&lt;100 [&lt;100–&lt;100]","&lt;100 [&lt;100–&lt;100]","&lt;100 [&lt;100–&lt;100]","&lt;100 [&lt;100–&lt;100]","&lt;100 [&lt;100–&lt;100]","&lt;100 [&lt;100–&lt;100]","&lt;100 [&lt;100–&lt;100]","&lt;100 [&lt;100–&lt;100]","&lt;100 [&lt;100–&lt;100]","&lt;100 [&lt;100–&lt;100]","&lt;100 [&lt;100–&lt;100]","&lt;100 [&lt;100–&lt;100]"
"Burkina Faso","3100 [2300–4100]","3400 [2400–4400]","3800 [2800–5000]","4100 [3000–5500]","4200 [3100–5600]","4500 [3200–5900]","4300 [3200–5800]","4200 [3100–5600]","4600 [3400–6000]","5000 [3700–6600]","5800 [4500–7400]","6500 [5100–8300]","6900 [5600–8800]","8100 [6600–9900]","9500 [7900–11 000]","11 000 [9100–13 000]","12 000 [9900–14 000]","12 000 [10 000–14 000]","12 000 [9900–14 000]","12 000 [9500–15 000]"
"Burundi","1800 [1400–2400]","2000 [1500–2700]","2300 [1800–3100]","2700 [2000–3700]","3200 [2400–4300]","3500 [2700–4700]","3600 [2700–4700]","4000 [3000–5300]","4500 [3500–5900]","5400 [4300–6900]","6100 [5000–7700]","7000 [5700–8600]","7800 [6400–9500]","8300 [6700–9800]","9200 [7500–11 000]","10 000 [8700–12 000]","11 000 [9200–13 000]","11 000 [9200–13 000]","12 000 [9200–14 000]","12 000 [9100–14 000]"
"Cabo Verde","&lt;100 [&lt;100–&lt;100]","&lt;100 [&lt;100–&lt;100]","&lt;100 [&lt;100–&lt;100]","&lt;100 [&lt;100–&lt;100]","&lt;100 [&lt;100–&lt;100]","&lt;100 [&lt;100–&lt;100]","&lt;100 [&lt;100–&lt;100]","&lt;100 [&lt;100–&lt;100]","&lt;100 [&lt;100–&lt;100]","&lt;100 [&lt;100–&lt;100]","&lt;100 [&lt;100–&lt;100]","&lt;100 [&lt;100–&lt;200]","&lt;100 [&lt;100–&lt;200]","&lt;100 [&lt;100–&lt;200]","&lt;200 [&lt;100–&lt;200]","&lt;200 [&lt;100–&lt;500]","&lt;200 [&lt;100–&lt;200]","&lt;200 [&lt;100–&lt;200]","&lt;200 [&lt;100–&lt;200]","&lt;200 [&lt;100–&lt;200]"
"Cambodia","1300 [1000–1900]","1500 [1100–2100]","1600 [1200–2500]","1800 [1300–2800]","2000 [1400–3100]","2100 [1500–3300]","2200 [1500–3300]","2200 [1600–3400]","2400 [1800–3600]","2900 [2200–4200]","3500 [2700–4900]","3900 [3000–5200]","4600 [3700–5800]","5600 [4700–6500]","7200 [6100–8100]","8700 [7500–9800]","9800 [8300–11 000]","9900 [8200–12 000]","9400 [7600–11 000]","8500 [6600–11 000]"
"Cameroon","14 000 [12 000–16 000]","16 000 [14 000–18 000]","20 000 [18 000–22 000]","23 000 [21 000–25 000]","25 000 [22 000–27 000]","24 000 [22 000–27 000]","22 000 [20 000–25 000]","22 000 [19 000–25 000]","22 000 [19 000–25 000]","22 000 [19 000–25 000]","23 000 [20 000–26 000]","24 000 [20 000–28 000]","26 000 [22 000–31 000]","25 000 [21 000–30 000]","26 000 [21 000–31 000]","28 000 [23 000–34 000]","27 000 [22 000–33 000]","24 000 [19 000–30 000]","21 000 [17 000–27 000]","19 000 [14 000–23 000]"
"Canada","No data","No data","No data","No data","No data","No data","No data","No data","No data","No data","No data","No data","No data","No data","No data","No data","No data","No data","No data","No data"
"Central African Republic","3800 [2700–5200]","4100 [3000–5600]","4100 [3000–5400]","4600 [3600–5900]","5500 [4400–6900]","6700 [5500–8200]","6900 [5700–8500]","7100 [5700–8500]","6800 [5500–8200]","6800 [5500–8200]","6900 [5700–8300]","8500 [7100–10 000]","9900 [8200–12 000]","11 000 [8800–12 000]","11 000 [9200–13 000]","11 000 [9200–13 000]","11 000 [8900–14 000]","11 000 [8600–14 000]","11 000 [8100–14 000]","10 000 [7600–13 000]"
"Chad","3200 [2100–4700]","3100 [2000–4500]","3000 [2000–4100]","3200 [2200–4300]","3400 [2300–4600]","3400 [2300–4700]","3400 [2400–4700]","3400 [2400–4700]","3500 [2600–4700]","3800 [2800–5100]","4300 [3200–5700]","5400 [4100–7100]","5900 [4500–7800]","7000 [5500–9100]","7500 [5800–10 000]","7600 [5800–10 000]","7500 [5600–10 000]","7100 [5200–9900]","6800 [4900–9500]","6300 [4400–9100]"
"Chile","510 [&lt;500–710]","550 [&lt;500–780]","590 [&lt;500–840]","570 [&lt;500–830]","550 [&lt;500–760]","580 [&lt;500–780]","660 [&lt;500–860]","700 [520–910]","600 [&lt;500–790]","530 [&lt;500–700]","&lt;500 [&lt;500–650]","&lt;500 [&lt;500–580]","&lt;500 [&lt;500–530]","&lt;500 [&lt;500–530]","&lt;500 [&lt;500–560]","&lt;500 [&lt;500–530]","&lt;500 [&lt;500–530]","&lt;500 [&lt;500–530]","&lt;500 [&lt;500–560]","740 [590–900]"
"China","No data","No data","No data","No data","No data","No data","No data","No data","No data","No data","No data","No data","No data","No data","No data","No data","No data","No data","No data","No data"
"Colombia","4100 [2500–6400]","3700 [2300–5800]","3300 [2100–4900]","3300 [2300–4800]","3700 [2600–5300]","4100 [2900–5600]","4400 [3200–5900]","4800 [3700–6300]","6200 [4900–8000]","7400 [5900–9500]","6400 [5000–8400]","5100 [3900–6800]","5200 [4000–6600]","6600 [5200–8300]","6700 [5200–8400]","6500 [5100–8200]","6400 [4700–8100]","6400 [4200–8000]","6500 [4000–8200]","6100 [3200–7700]"
"Comoros","&lt;100 [&lt;100–&lt;100]","&lt;100 [&lt;100–&lt;100]","&lt;100 [&lt;100–&lt;100]","&lt;100 [&lt;100–&lt;100]","&lt;100 [&lt;100–&lt;100]","&lt;100 [&lt;100–&lt;100]","&lt;100 [&lt;100–&lt;100]","&lt;100 [&lt;100–&lt;100]","&lt;100 [&lt;100–&lt;100]","&lt;100 [&lt;100–&lt;100]","&lt;100 [&lt;100–&lt;100]","&lt;100 [&lt;100–&lt;100]","&lt;100 [&lt;100–&lt;100]","&lt;100 [&lt;100–&lt;100]","&lt;100 [&lt;100–&lt;100]","&lt;100 [&lt;100–&lt;100]","&lt;100 [&lt;100–&lt;100]","&lt;100 [&lt;100–&lt;100]","&lt;100 [&lt;100–&lt;100]","&lt;100 [&lt;100–&lt;100]"
"Congo","4500 [3200–6100]","4300 [3200–5600]","4100 [3000–5100]","4100 [3100–5000]","4500 [3500–5500]","4200 [3300–5100]","3900 [3100–4800]","3500 [2700–4200]","3700 [3000–4400]","3800 [3100–4500]","4000 [3400–4700]","4900 [4200–5700]","5400 [4600–6200]","5300 [4500–6100]","6100 [5200–7000]","6200 [5200–7100]","6100 [5100–7200]","6100 [4900–7200]","6000 [4700–7200]","5800 [4500–7200]"
"Costa Rica","&lt;200 [&lt;100–&lt;500]","&lt;200 [&lt;100–&lt;500]","&lt;200 [&lt;100–&lt;500]","&lt;200 [&lt;100–&lt;500]","&lt;200 [&lt;200–&lt;500]","&lt;200 [&lt;100–&lt;500]","&lt;200 [&lt;100–&lt;500]","&lt;200 [&lt;100–&lt;500]","&lt;200 [&lt;100–&lt;500]","&lt;200 [&lt;200–&lt;500]","&lt;200 [&lt;100–&lt;500]","&lt;200 [&lt;100–&lt;500]","&lt;200 [&lt;100–&lt;500]","&lt;200 [&lt;100–&lt;500]","&lt;200 [&lt;100–&lt;200]","&lt;200 [&lt;100–&lt;200]","&lt;200 [&lt;100–&lt;200]","&lt;200 [&lt;100–&lt;200]","&lt;200 [&lt;100–&lt;200]","&lt;500 [&lt;200–&lt;500]"
"Côte d'Ivoire","13 000 [11 000–16 000]","15 000 [12 000–19 000]","17 000 [14 000–21 000]","19 000 [15 000–23 000]","21 000 [17 000–25 000]","23 000 [19 000–27 000]","24 000 [20 000–28 000]","25 000 [21 000–29 000]","27 000 [22 000–32 000]","27 000 [23 000–32 000]","30 000 [26 000–36 000]","35 000 [30 000–41 000]","37 000 [32 000–43 000]","41 000 [35 000–47 000]","46 000 [40 000–54 000]","49 000 [41 000–57 000]","49 000 [40 000–58 000]","49 000 [39 000–59 000]","48 000 [37 000–60 000]","47 000 [35 000–59 000]"
"Croatia","&lt;100 [&lt;100–&lt;100]","&lt;100 [&lt;100–&lt;100]","&lt;100 [&lt;100–&lt;100]","&lt;100 [&lt;100–&lt;100]","&lt;100 [&lt;100–&lt;100]","&lt;100 [&lt;100–&lt;100]","&lt;100 [&lt;100–&lt;100]","&lt;100 [&lt;100–&lt;100]","&lt;100 [&lt;100–&lt;100]","&lt;100 [&lt;100–&lt;100]","&lt;100 [&lt;100–&lt;100]","&lt;100 [&lt;100–&lt;100]","&lt;100 [&lt;100–&lt;100]","&lt;100 [&lt;100–&lt;100]","&lt;100 [&lt;100–&lt;100]","&lt;100 [&lt;100–&lt;100]","&lt;100 [&lt;100–&lt;100]","&lt;100 [&lt;100–&lt;100]","&lt;100 [&lt;100–&lt;100]","&lt;100 [&lt;100–&lt;100]"
"Cuba","&lt;500 [&lt;500–860]","&lt;500 [&lt;200–860]","&lt;500 [&lt;200–830]","&lt;500 [&lt;200–810]","&lt;500 [&lt;200–760]","&lt;500 [&lt;200–700]","&lt;500 [&lt;200–640]","&lt;500 [&lt;200–600]","&lt;500 [&lt;100–560]","&lt;500 [&lt;200–570]","&lt;500 [&lt;100–&lt;500]","&lt;500 [&lt;100–&lt;500]","&lt;200 [&lt;100–&lt;500]","&lt;200 [&lt;100–&lt;500]","&lt;200 [&lt;100–&lt;500]","&lt;200 [&lt;100–&lt;500]","&lt;200 [&lt;100–&lt;500]","&lt;200 [&lt;100–&lt;500]","&lt;200 [&lt;100–&lt;500]","&lt;200 [&lt;100–&lt;500]"
"Cyprus","No data","No data","No data","No data","No data","No data","No data","No data","No data","No data","No data","No data","No data","No data","No data","No data","No data","No data","No data","No data"
"Czechia","No data","No data","No data","No data","No data","No data","No data","No data","No data","No data","No data","No data","No data","No data","No data","No data","No data","No data","No data","No data"
"Democratic People's Republic of Korea","No data","No data","No data","No data","No data","No data","No data","No data","No data","No data","No data","No data","No data","No data","No data","No data","No data","No data","No data","No data"
"Democratic Republic of the Congo","15 000 [11 000–20 000]","17 000 [12 000–22 000]","21 000 [16 000–27 000]","24 000 [18 000–30 000]","28 000 [21 000–35 000]","30 000 [23 000–37 000]","32 000 [25 000–39 000]","35 000 [29 000–42 000]","36 000 [29 000–43 000]","37 000 [31 000–44 000]","40 000 [34 000–47 000]","40 000 [34 000–47 000]","41 000 [34 000–47 000]","43 000 [37 000–50 000]","45 000 [39 000–51 000]","47 000 [40 000–53 000]","47 000 [41 000–54 000]","47 000 [40 000–53 000]","46 000 [39 000–53 000]","44 000 [37 000–52 000]"
"Denmark","No data","No data","No data","No data","No data","No data","No data","No data","No data","No data","No data","No data","No data","No data","No data","No data","No data","No data","No data","No data"
"Djibouti","&lt;500 [&lt;200–630]","&lt;500 [&lt;500–690]","&lt;500 [&lt;500–740]","510 [&lt;500–830]","590 [&lt;500–960]","660 [&lt;500–1000]","690 [&lt;500–1000]","790 [540–1100]","820 [570–1200]","820 [570–1100]","830 [580–1100]","870 [610–1200]","920 [660–1200]","970 [690–1300]","900 [600–1300]","860 [550–1200]","810 [&lt;500–1200]","800 [&lt;500–1200]","700 [&lt;500–1200]","590 [&lt;500–1100]"
"Dominican Republic","1900 [1400–2700]","2100 [1500–3000]","2300 [1700–3300]","2500 [1700–3500]","2700 [1900–3900]","3000 [2200–4300]","3200 [2400–4600]","3400 [2500–4900]","3600 [2700–5100]","3800 [2800–5400]","4100 [3100–5800]","4600 [3400–6400]","5400 [4000–7300]","6100 [4600–8100]","6800 [5100–9000]","6900 [5100–9200]","6700 [4900–8900]","6400 [4700–8600]","6000 [4400–8200]","5600 [4000–7800]"
"Ecuador","610 [&lt;500–1700]","700 [&lt;500–1900]","800 [&lt;500–2100]","970 [510–2300]","1200 [630–2700]","1300 [650–2900]","1100 [540–2500]","980 [510–2200]","1100 [560–2300]","1100 [630–2300]","1300 [740–2500]","1500 [910–2700]","1700 [1100–2900]","1700 [1100–2900]","1800 [1100–2900]","1900 [1100–3000]","1800 [1000–3000]","1700 [880–2900]","1600 [760–2700]","1500 [680–2600]"
"Egypt","&lt;500 [&lt;500–620]","&lt;500 [&lt;500–590]","&lt;500 [&lt;500–570]","&lt;500 [&lt;500–550]","&lt;500 [&lt;200–&lt;500]","&lt;500 [&lt;200–&lt;500]","&lt;500 [&lt;200–&lt;500]","&lt;500 [&lt;200–&lt;500]","&lt;500 [&lt;200–&lt;500]","&lt;500 [&lt;200–&lt;500]","&lt;200 [&lt;200–&lt;500]","&lt;200 [&lt;200–&lt;500]","&lt;200 [&lt;100–&lt;500]","&lt;200 [&lt;200–&lt;500]","&lt;200 [&lt;100–&lt;500]","&lt;200 [&lt;100–&lt;500]","&lt;200 [&lt;100–&lt;500]","&lt;200 [&lt;100–&lt;200]","&lt;200 [&lt;100–&lt;200]","&lt;100 [&lt;100–&lt;200]"
"El Salvador","940 [710–1200]","920 [690–1200]","860 [660–1100]","850 [640–1100]","810 [610–1000]","750 [560–980]","690 [510–900]","580 [&lt;500–750]","530 [&lt;500–680]","570 [&lt;500–710]","610 [&lt;500–760]","630 [&lt;500–770]","640 [&lt;500–780]","690 [550–840]","770 [620–940]","890 [700–1100]","920 [710–1100]","890 [690–1100]","830 [630–1000]","720 [550–900]"
"Equatorial Guinea","1800 [1200–2800]","1700 [1200–2500]","1900 [1400–2700]","1700 [1200–2400]","1500 [1000–2000]","1500 [1100–1900]","1700 [1200–2200]","1600 [1200–2100]","1500 [1000–2000]","1300 [890–1800]","1300 [910–1800]","1200 [840–1700]","1300 [870–1800]","1200 [820–1800]","1200 [810–1700]","1100 [750–1600]","990 [660–1500]","870 [560–1300]","750 [&lt;500–1200]","650 [&lt;500–1100]"
"Eritrea","&lt;500 [&lt;200–570]","&lt;500 [&lt;200–520]","&lt;500 [&lt;500–540]","&lt;500 [&lt;500–550]","&lt;500 [&lt;500–610]","&lt;500 [&lt;500–680]","&lt;500 [&lt;500–770]","530 [&lt;500–870]","600 [&lt;500–980]","690 [&lt;500–1100]","780 [&lt;500–1200]","940 [610–1400]","1200 [830–1700]","1500 [1100–2000]","1700 [1300–2200]","1700 [1300–2200]","1600 [1200–2200]","1500 [1100–2100]","1400 [980–1900]","1200 [840–1700]"
"Estonia","No data","No data","No data","No data","No data","No data","No data","No data","No data","No data","No data","No data","No data","No data","No data","No data","No data","No data","No data","No data"
"Eswatini","2300 [1900–2800]","2600 [2200–3100]","2800 [2400–3300]","2800 [2400–3200]","2900 [2600–3300]","3100 [2800–3500]","3100 [2700–3400]","3300 [2900–3800]","3900 [3500–4400]","4600 [4100–5100]","5100 [4600–5800]","5700 [5000–6400]","6100 [5400–7000]","7100 [6200–8000]","8100 [7000–9300]","8200 [6800–9500]","7700 [6200–9200]","7200 [5700–8700]","6600 [5100–8100]","5700 [4300–7200]"
"Ethiopia","12 000 [7000–20 000]","12 000 [7200–20 000]","13 000 [7700–22 000]","14 000 [8300–23 000]","15 000 [8900–25 000]","15 000 [9400–27 000]","16 000 [9900–28 000]","18 000 [11 000–31 000]","21 000 [13 000–36 000]","24 000 [15 000–41 000]","28 000 [17 000–49 000]","35 000 [21 000–60 000]","45 000 [27 000–77 000]","56 000 [34 000–96 000]","63 000 [38 000–110 000]","68 000 [41 000–120 000]","70 000 [42 000–120 000]","70 000 [43 000–120 000]","70 000 [42 000–120 000]","68 000 [41 000–120 000]"
"Fiji","&lt;100 [&lt;100–&lt;100]","&lt;100 [&lt;100–&lt;100]","&lt;100 [&lt;100–&lt;100]","&lt;100 [&lt;100–&lt;100]","&lt;100 [&lt;100–&lt;100]","&lt;100 [&lt;100–&lt;100]","&lt;100 [&lt;100–&lt;100]","&lt;100 [&lt;100–&lt;100]","&lt;100 [&lt;100–&lt;100]","&lt;100 [&lt;100–&lt;100]","&lt;100 [&lt;100–&lt;100]","&lt;100 [&lt;100–&lt;100]","&lt;100 [&lt;100–&lt;100]","&lt;100 [&lt;100–&lt;100]","&lt;100 [&lt;100–&lt;100]","&lt;100 [&lt;100–&lt;100]","&lt;100 [&lt;100–&lt;100]","&lt;100 [&lt;100–&lt;100]","&lt;100 [&lt;100–&lt;100]","&lt;100 [&lt;100–&lt;100]"
"Finland","No data","No data","No data","No data","No data","No data","No data","No data","No data","No data","No data","No data","No data","No data","No data","No data","No data","No data","No data","No data"
"France","&lt;500 [&lt;200–730]","&lt;500 [&lt;200–770]","&lt;500 [&lt;200–830]","&lt;500 [&lt;200–810]","&lt;500 [&lt;200–910]","&lt;500 [&lt;200–&lt;500]","&lt;500 [&lt;500–610]","&lt;500 [&lt;500–630]","520 [&lt;500–720]","540 [&lt;500–750]","580 [&lt;500–790]","600 [&lt;500–820]","620 [&lt;500–840]","630 [&lt;500–820]","630 [&lt;500–810]","590 [&lt;500–740]","580 [&lt;500–720]","570 [&lt;500–690]","600 [&lt;500–700]","620 [500–840]"
"Gabon","1100 [770–1600]","1100 [770–1600]","1100 [760–1500]","1100 [800–1600]","1200 [810–1700]","1300 [930–1900]","1500 [1000–2100]","1700 [1200–2400]","1800 [1300–2500]","1700 [1200–2400]","1800 [1200–2500]","1700 [1100–2500]","1600 [1100–2400]","1600 [1100–2400]","1900 [1200–2700]","2200 [1400–3100]","2100 [1400–3000]","2100 [1300–3000]","1900 [1200–2800]","1700 [1100–2600]"
"Gambia","1100 [760–1600]","1100 [740–1600]","1100 [720–1600]","1100 [730–1600]","1000 [680–1500]","930 [630–1400]","810 [540–1200]","790 [540–1200]","890 [620–1300]","1000 [730–1500]","1100 [750–1500]","1100 [750–1500]","1000 [700–1400]","910 [630–1300]","930 [650–1400]","850 [600–1300]","740 [520–1100]","630 [&lt;500–950]","530 [&lt;500–800]","&lt;500 [&lt;500–650]"
"Georgia","&lt;100 [&lt;100–&lt;500]","&lt;100 [&lt;100–&lt;200]","&lt;100 [&lt;100–&lt;200]","&lt;100 [&lt;100–&lt;200]","&lt;100 [&lt;100–&lt;100]","&lt;100 [&lt;100–&lt;100]","&lt;100 [&lt;100–&lt;100]","&lt;100 [&lt;100–&lt;100]","&lt;100 [&lt;100–&lt;100]","&lt;100 [&lt;100–&lt;100]","&lt;100 [&lt;100–&lt;100]","&lt;100 [&lt;100–&lt;100]","&lt;100 [&lt;100–&lt;100]","&lt;100 [&lt;100–&lt;100]","&lt;100 [&lt;100–&lt;100]","&lt;100 [&lt;100–&lt;100]","&lt;100 [&lt;100–&lt;100]","&lt;100 [&lt;100–&lt;100]","&lt;100 [&lt;100–&lt;100]","&lt;100 [&lt;100–&lt;100]"
"Germany","No data","No data","No data","No data","No data","No data","No data","No data","No data","No data","No data","No data","No data","No data","No data","No data","No data","No data","No data","No data"
"Ghana","14 000 [8800–20 000]","14 000 [9400–20 000]","14 000 [9600–19 000]","14 000 [9500–19 000]","13 000 [9400–18 000]","13 000 [9300–17 000]","12 000 [8900–16 000]","13 000 [9600–16 000]","14 000 [11 000–18 000]","16 000 [12 000–19 000]","17 000 [13 000–20 000]","18 000 [15 000–21 000]","20 000 [16 000–23 000]","21 000 [16 000–24 000]","21 000 [16 000–24 000]","21 000 [16 000–25 000]","21 000 [16 000–25 000]","20 000 [15 000–24 000]","19 000 [14 000–24 000]","18 000 [13 000–23 000]"
"Greece","No data","No data","No data","No data","No data","No data","No data","No data","No data","No data","No data","No data","No data","No data","No data","No data","No data","No data","No data","No data"
"Guatemala","1200 [830–1700]","1400 [930–2000]","1400 [960–2100]","1300 [850–2000]","1000 [650–1700]","820 [520–1300]","730 [&lt;500–1200]","700 [&lt;500–1100]","650 [&lt;500–1000]","650 [&lt;500–1000]","680 [&lt;500–1000]","830 [580–1200]","1100 [760–1400]","1200 [870–1700]","1200 [830–1600]","1200 [860–1600]","1700 [1200–2200]","1600 [1100–2200]","1500 [1000–2100]","1400 [890–2000]"
"Guinea","3100 [2300–4100]","3600 [2700–4900]","3600 [2600–4800]","3400 [2400–4600]","3200 [2200–4300]","2900 [2000–4100]","2900 [2100–4000]","3300 [2400–4400]","3400 [2600–4500]","3700 [2900–4900]","4400 [3400–5600]","5000 [3900–6500]","4900 [3800–6400]","5700 [4400–7200]","6100 [4600–7700]","5900 [4300–7700]","5700 [4100–7500]","5500 [3900–7300]","5200 [3600–6900]","4800 [3300–6600]"
"Guinea-Bissau","1500 [1200–1700]","1400 [1200–1700]","1400 [1200–1700]","1600 [1300–1800]","1600 [1300–1900]","1500 [1200–1800]","1500 [1200–1700]","1600 [1300–1900]","1700 [1400–2000]","1700 [1400–2100]","1700 [1400–2100]","1900 [1600–2300]","2000 [1600–2400]","2000 [1600–2500]","1900 [1500–2400]","1700 [1300–2200]","1500 [1200–1900]","1300 [980–1700]","1100 [820–1500]","900 [670–1200]"
"Guyana","&lt;200 [&lt;100–&lt;200]","&lt;200 [&lt;100–&lt;200]","&lt;200 [&lt;100–&lt;200]","&lt;200 [&lt;100–&lt;200]","&lt;200 [&lt;100–&lt;200]","&lt;200 [&lt;100–&lt;200]","&lt;100 [&lt;100–&lt;200]","&lt;100 [&lt;100–&lt;200]","&lt;100 [&lt;100–&lt;200]","&lt;100 [&lt;100–&lt;200]","&lt;100 [&lt;100–&lt;200]","&lt;100 [&lt;100–&lt;200]","&lt;100 [&lt;100–&lt;200]","&lt;100 [&lt;100–&lt;200]","&lt;200 [&lt;100–&lt;200]","&lt;200 [&lt;100–&lt;200]","&lt;200 [&lt;100–&lt;500]","&lt;200 [&lt;100–&lt;200]","&lt;100 [&lt;100–&lt;200]","&lt;100 [&lt;100–&lt;200]"
"Haiti","2700 [2100–3300]","2700 [2100–3300]","3200 [2600–3900]","3800 [3100–4400]","3900 [3200–4600]","4200 [3500–4900]","4800 [4100–5700]","5100 [4300–6200]","5300 [4400–6300]","5000 [4200–6000]","5500 [4700–6600]","6500 [5600–7700]","7600 [6600–8800]","9500 [8400–11 000]","11 000 [9400–12 000]","11 000 [9700–13 000]","11 000 [9700–13 000]","11 000 [9700–14 000]","11 000 [9400–14 000]","11 000 [8900–13 000]"
"Honduras","800 [580–1100]","790 [580–1000]","850 [610–1100]","890 [640–1200]","950 [680–1200]","970 [700–1300]","1000 [750–1300]","1100 [810–1400]","1200 [890–1500]","1200 [950–1500]","1300 [1000–1600]","1400 [1100–1700]","1500 [1200–1800]","1700 [1300–2000]","1900 [1500–2200]","2000 [1600–2400]","2600 [2000–3000]","2700 [2200–3300]","2700 [2100–3300]","2500 [2000–3200]"
"Hungary","No data","No data","No data","No data","No data","No data","No data","No data","No data","No data","No data","No data","No data","No data","No data","No data","No data","No data","No data","No data"
"Iceland","No data","No data","No data","No data","No data","No data","No data","No data","No data","No data","No data","No data","No data","No data","No data","No data","No data","No data","No data","No data"
"India","No data","No data","No data","No data","No data","No data","No data","No data","No data","No data","No data","No data","No data","No data","No data","No data","No data","No data","No data","No data"
"Indonesia","No data","No data","No data","No data","No data","No data","No data","No data","No data","No data","No data","No data","No data","No data","No data","No data","No data","No data","No data","No data"
"Iran (Islamic Republic of)","2500 [1200–5600]","2400 [1300–5000]","2500 [1400–4500]","2500 [1500–4200]","2500 [1600–4000]","2600 [1600–3800]","2600 [1600–3700]","2600 [1700–3600]","2500 [1600–3500]","2400 [1500–3300]","2200 [1300–3200]","2000 [1200–3100]","1800 [980–2800]","1600 [830–2700]","1400 [660–2400]","1200 [550–2300]","930 [&lt;500–2000]","740 [&lt;500–1800]","580 [&lt;500–1500]","&lt;500 [&lt;200–1300]"
"Ireland","&lt;100 [&lt;100–&lt;100]","&lt;100 [&lt;100–&lt;100]","&lt;100 [&lt;100–&lt;100]","&lt;100 [&lt;100–&lt;100]","&lt;100 [&lt;100–&lt;100]","&lt;100 [&lt;100–&lt;100]","&lt;100 [&lt;100–&lt;100]","&lt;100 [&lt;100–&lt;100]","&lt;100 [&lt;100–&lt;100]","&lt;100 [&lt;100–&lt;100]","&lt;100 [&lt;100–&lt;100]","&lt;100 [&lt;100–&lt;100]","&lt;100 [&lt;100–&lt;100]","&lt;100 [&lt;100–&lt;100]","&lt;100 [&lt;100–&lt;100]","&lt;100 [&lt;100–&lt;100]","&lt;100 [&lt;100–&lt;100]","&lt;100 [&lt;100–&lt;100]","&lt;100 [&lt;100–&lt;100]","&lt;100 [&lt;100–&lt;100]"
"Israel","No data","No data","No data","No data","No data","No data","No data","No data","No data","No data","No data","No data","No data","No data","No data","No data","No data","No data","No data","No data"
"Italy","750 [&lt;500–1700]","770 [&lt;500–1800]","780 [&lt;500–1800]","770 [&lt;500–1800]","780 [&lt;500–1700]","800 [&lt;500–1800]","830 [500–1800]","870 [520–1900]","890 [550–1900]","930 [590–1900]","1000 [680–2000]","1200 [810–2200]","1200 [830–2100]","1200 [850–2000]","1200 [850–2000]","1200 [820–1900]","1100 [790–1800]","1200 [800–1700]","1200 [850–1700]","1300 [910–1900]"
"Jamaica","1000 [700–1800]","1000 [660–1800]","980 [640–1800]","990 [640–1800]","980 [650–1700]","1000 [670–1800]","1000 [660–1800]","1000 [670–1800]","990 [670–1700]","960 [670–1600]","1100 [780–1800]","1200 [860–1900]","1300 [980–2100]","1300 [1000–2000]","1800 [1400–2700]","1900 [1500–2700]","1800 [1400–2600]","1800 [1300–2500]","1700 [1200–2500]","1600 [1100–2200]"
"Japan","No data","No data","No data","No data","No data","No data","No data","No data","No data","No data","No data","No data","No data","No data","No data","No data","No data","No data","No data","No data"
"Jordan","No data","No data","No data","No data","No data","No data","No data","No data","No data","No data","No data","No data","No data","No data","No data","No data","No data","No data","No data","No data"
"Kazakhstan","&lt;500 [&lt;500–&lt;500]","570 [&lt;500–710]","560 [&lt;500–690]","540 [&lt;500–660]","540 [&lt;500–660]","540 [&lt;500–660]","560 [&lt;500–670]","570 [&lt;500–670]","550 [&lt;500–660]","510 [&lt;500–630]","&lt;500 [&lt;500–560]","&lt;500 [&lt;500–530]","&lt;500 [&lt;500–510]","&lt;500 [&lt;500–&lt;500]","&lt;500 [&lt;500–500]","&lt;500 [&lt;500–&lt;500]","&lt;500 [&lt;200–&lt;500]","&lt;500 [&lt;200–&lt;500]","&lt;500 [&lt;200–&lt;500]","&lt;200 [&lt;200–&lt;500]"
"Kenya","21 000 [16 000–31 000]","23 000 [17 000–34 000]","26 000 [19 000–38 000]","29 000 [21 000–42 000]","33 000 [24 000–48 000]","35 000 [26 000–51 000]","36 000 [27 000–53 000]","40 000 [29 000–58 000]","45 000 [33 000–66 000]","51 000 [38 000–74 000]","59 000 [43 000–86 000]","69 000 [51 000–100 000]","80 000 [59 000–120 000]","98 000 [72 000–140 000]","110 000 [81 000–160 000]","120 000 [91 000–180 000]","120 000 [91 000–180 000]","120 000 [89 000–180 000]","120 000 [85 000–170 000]","110 000 [81 000–160 000]"
"Kuwait","No data","No data","No data","No data","No data","No data","No data","No data","No data","No data","No data","No data","No data","No data","No data","No data","No data","No data","No data","No data"
"Kyrgyzstan","&lt;500 [&lt;200–&lt;500]","&lt;200 [&lt;200–&lt;200]","&lt;200 [&lt;200–&lt;200]","&lt;200 [&lt;200–&lt;200]","&lt;200 [&lt;200–&lt;200]","&lt;200 [&lt;200–&lt;500]","&lt;500 [&lt;200–&lt;500]","&lt;500 [&lt;200–&lt;500]","&lt;200 [&lt;200–&lt;200]","&lt;200 [&lt;200–&lt;200]","&lt;200 [&lt;200–&lt;200]","&lt;200 [&lt;200–&lt;200]","&lt;200 [&lt;200–&lt;200]","&lt;100 [&lt;100–&lt;100]","&lt;100 [&lt;100–&lt;100]","&lt;100 [&lt;100–&lt;100]","&lt;100 [&lt;100–&lt;100]","&lt;100 [&lt;100–&lt;100]","&lt;100 [&lt;100–&lt;100]","&lt;100 [&lt;100–&lt;100]"
"Lao People's Democratic Republic","&lt;500 [&lt;500–&lt;500]","&lt;500 [&lt;500–&lt;500]","&lt;500 [&lt;500–&lt;500]","&lt;500 [&lt;500–&lt;500]","&lt;500 [&lt;500–&lt;500]","&lt;500 [&lt;500–&lt;500]","&lt;500 [&lt;500–&lt;500]","&lt;500 [&lt;500–&lt;500]","&lt;500 [&lt;500–&lt;500]","&lt;500 [&lt;500–&lt;500]","&lt;500 [&lt;500–&lt;500]","&lt;500 [&lt;500–&lt;500]","&lt;500 [&lt;500–&lt;500]","&lt;500 [&lt;200–&lt;500]","&lt;500 [&lt;200–&lt;500]","&lt;500 [&lt;200–&lt;500]","&lt;200 [&lt;200–&lt;500]","&lt;200 [&lt;200–&lt;200]","&lt;200 [&lt;100–&lt;200]","&lt;100 [&lt;100–&lt;200]"
"Latvia","&lt;100 [&lt;100–&lt;100]","&lt;100 [&lt;100–&lt;200]","&lt;100 [&lt;100–&lt;200]","&lt;200 [&lt;100–&lt;500]","&lt;200 [&lt;100–&lt;500]","&lt;200 [&lt;100–&lt;500]","&lt;200 [&lt;100–&lt;500]","&lt;200 [&lt;100–&lt;500]","&lt;200 [&lt;100–&lt;500]","&lt;200 [&lt;100–&lt;500]","&lt;200 [&lt;100–&lt;500]","&lt;200 [&lt;100–&lt;500]","&lt;200 [&lt;100–&lt;500]","&lt;200 [&lt;200–&lt;500]","&lt;200 [&lt;100–&lt;500]","&lt;200 [&lt;100–&lt;200]","&lt;200 [&lt;100–&lt;200]","&lt;100 [&lt;100–&lt;200]","&lt;100 [&lt;100–&lt;200]","&lt;100 [&lt;100–&lt;200]"
"Lebanon","&lt;100 [&lt;100–&lt;200]","&lt;100 [&lt;100–&lt;200]","&lt;100 [&lt;100–&lt;200]","&lt;100 [&lt;100–&lt;200]","&lt;100 [&lt;100–&lt;200]","&lt;100 [&lt;100–&lt;200]","&lt;100 [&lt;100–&lt;100]","&lt;100 [&lt;100–&lt;100]","&lt;100 [&lt;100–&lt;100]","&lt;100 [&lt;100–&lt;100]","&lt;100 [&lt;100–&lt;100]","&lt;100 [&lt;100–&lt;100]","&lt;100 [&lt;100–&lt;100]","&lt;100 [&lt;100–&lt;100]","&lt;100 [&lt;100–&lt;100]","&lt;100 [&lt;100–&lt;100]","&lt;100 [&lt;100–&lt;100]","&lt;100 [&lt;100–&lt;100]","&lt;100 [&lt;100–&lt;100]","&lt;100 [&lt;100–&lt;100]"
"Lesotho","4800 [3800–6500]","4600 [3700–6300]","4700 [3800–6300]","4700 [3800–6400]","5200 [4200–6800]","5400 [4400–7200]","5800 [4700–7800]","6400 [5200–8700]","7100 [5600–9600]","7800 [6100–11 000]","8800 [7000–12 000]","11 000 [8400–14 000]","14 000 [11 000–18 000]","17 000 [13 000–21 000]","18 000 [15 000–23 000]","18 000 [14 000–23 000]","17 000 [13 000–22 000]","16 000 [12 000–20 000]","14 000 [11 000–18 000]","12 000 [9200–16 000]"
"Liberia","1900 [1400–2600]","2300 [1800–3000]","2800 [2200–3600]","3000 [2400–3900]","3000 [2500–3900]","3000 [2400–3800]","3000 [2500–3800]","3000 [2400–3700]","3200 [2700–3800]","3500 [3000–4200]","3800 [3200–4400]","3900 [3300–4500]","3900 [3400–4600]","4300 [3700–4900]","4400 [3800–5000]","4300 [3600–5000]","4300 [3500–5200]","4300 [3300–5400]","4200 [3000–5500]","4000 [2600–5600]"
"Libya","&lt;500 [&lt;200–&lt;500]","&lt;200 [&lt;100–&lt;500]","&lt;200 [&lt;100–&lt;500]","&lt;200 [&lt;100–&lt;500]","&lt;200 [&lt;100–&lt;200]","&lt;200 [&lt;100–&lt;200]","&lt;100 [&lt;100–&lt;200]","&lt;100 [&lt;100–&lt;200]","&lt;100 [&lt;100–&lt;200]","&lt;100 [&lt;100–&lt;200]","&lt;100 [&lt;100–&lt;200]","&lt;100 [&lt;100–&lt;200]","&lt;100 [&lt;100–&lt;200]","&lt;100 [&lt;100–&lt;100]","&lt;100 [&lt;100–&lt;100]","&lt;100 [&lt;100–&lt;100]","&lt;100 [&lt;100–&lt;100]","&lt;100 [&lt;100–&lt;100]","&lt;100 [&lt;100–&lt;100]","&lt;100 [&lt;100–&lt;100]"
"Lithuania","&lt;100 [&lt;100–&lt;100]","&lt;100 [&lt;100–&lt;100]","&lt;100 [&lt;100–&lt;200]","&lt;100 [&lt;100–&lt;200]","&lt;100 [&lt;100–&lt;100]","&lt;100 [&lt;100–&lt;100]","&lt;100 [&lt;100–&lt;200]","&lt;100 [&lt;100–&lt;200]","&lt;200 [&lt;100–&lt;200]","&lt;100 [&lt;100–&lt;200]","&lt;100 [&lt;100–&lt;200]","&lt;100 [&lt;100–&lt;200]","&lt;100 [&lt;100–&lt;100]","&lt;100 [&lt;100–&lt;100]","&lt;100 [&lt;100–&lt;100]","&lt;100 [&lt;100–&lt;100]","&lt;100 [&lt;100–&lt;100]","&lt;100 [&lt;100–&lt;100]","&lt;100 [&lt;100–&lt;100]","&lt;100 [&lt;100–&lt;100]"
"Luxembourg","No data","No data","No data","No data","No data","No data","No data","No data","No data","No data","No data","No data","No data","No data","No data","No data","No data","No data","No data","No data"
"Madagascar","1400 [1000–1900]","1300 [950–1800]","1200 [870–1600]","1000 [750–1400]","900 [670–1200]","780 [580–1100]","680 [&lt;500–940]","550 [&lt;500–770]","&lt;500 [&lt;500–690]","&lt;500 [&lt;500–590]","&lt;500 [&lt;500–510]","&lt;500 [&lt;200–&lt;500]","&lt;500 [&lt;200–&lt;500]","&lt;500 [&lt;200–&lt;500]","&lt;500 [&lt;200–&lt;500]","&lt;200 [&lt;200–&lt;500]","&lt;200 [&lt;100–&lt;500]","&lt;200 [&lt;100–&lt;200]","&lt;100 [&lt;100–&lt;200]","&lt;100 [&lt;100–&lt;200]"
"Malawi","13 000 [11 000–15 000]","13 000 [11 000–16 000]","14 000 [11 000–17 000]","14 000 [12 000–17 000]","15 000 [12 000–18 000]","16 000 [13 000–19 000]","19 000 [16 000–22 000]","24 000 [20 000–27 000]","28 000 [24 000–32 000]","32 000 [28 000–36 000]","36 000 [32 000–40 000]","45 000 [40 000–49 000]","54 000 [50 000–58 000]","63 000 [58 000–67 000]","69 000 [63 000–74 000]","71 000 [63 000–77 000]","70 000 [62 000–77 000]","68 000 [59 000–75 000]","66 000 [56 000–73 000]","62 000 [52 000–71 000]"
"Malaysia","2700 [2100–3400]","2500 [2000–3100]","2600 [2100–3100]","3100 [2600–3700]","3500 [3000–4100]","3600 [3100–4200]","3400 [2800–4000]","3100 [2500–3700]","3000 [2400–3500]","2900 [2300–3400]","2700 [2200–3300]","2700 [2100–3200]","2600 [2100–3200]","2600 [2000–3100]","2500 [2000–3100]","2500 [2000–3100]","2600 [2000–3100]","2700 [2200–3200]","2900 [2300–3500]","2700 [2100–3300]"
"Maldives","No data","No data","No data","No data","No data","No data","No data","No data","No data","No data","No data","No data","No data","No data","No data","No data","No data","No data","No data","No data"
"Mali","5800 [4200–7700]","6000 [4400–7800]","6000 [4500–7800]","6000 [4600–7700]","6100 [4600–7800]","5600 [4200–7100]","4900 [3600–6200]","4400 [3300–5500]","4600 [3600–5800]","4800 [3800–6000]","5100 [4000–6300]","5400 [4400–6600]","6100 [5000–7400]","6900 [5700–8400]","6800 [5600–8400]","7400 [6200–9200]","7600 [6200–9300]","7500 [5900–9100]","7200 [5500–9000]","6900 [5100–9000]"
"Malta","No data","No data","No data","No data","No data","No data","No data","No data","No data","No data","No data","No data","No data","No data","No data","No data","No data","No data","No data","No data"
"Mauritania","&lt;500 [&lt;200–&lt;500]","&lt;500 [&lt;200–&lt;500]","&lt;500 [&lt;500–&lt;500]","&lt;500 [&lt;500–&lt;500]","&lt;500 [&lt;500–&lt;500]","&lt;500 [&lt;500–&lt;500]","&lt;500 [&lt;500–&lt;500]","&lt;500 [&lt;500–&lt;500]","&lt;500 [&lt;500–&lt;500]","&lt;500 [&lt;500–&lt;500]","&lt;500 [&lt;500–&lt;500]","&lt;500 [&lt;500–&lt;500]","&lt;500 [&lt;500–&lt;500]","&lt;500 [&lt;500–530]","&lt;500 [&lt;500–590]","&lt;500 [&lt;500–580]","&lt;500 [&lt;500–540]","&lt;500 [&lt;500–&lt;500]","&lt;500 [&lt;500–&lt;500]","&lt;500 [&lt;200–&lt;500]"
"Mauritius","No data","No data","No data","No data","No data","No data","No data","No data","No data","No data","No data","No data","No data","No data","No data","No data","No data","No data","No data","No data"
"Mexico","No data","No data","No data","No data","No data","No data","No data","No data","No data","No data","No data","No data","No data","No data","No data","No data","No data","No data","No data","No data"
"Mongolia","&lt;100 [&lt;100–&lt;100]","&lt;100 [&lt;100–&lt;100]","&lt;100 [&lt;100–&lt;100]","&lt;100 [&lt;100–&lt;100]","&lt;100 [&lt;100–&lt;100]","&lt;100 [&lt;100–&lt;100]","&lt;100 [&lt;100–&lt;100]","&lt;100 [&lt;100–&lt;100]","&lt;100 [&lt;100–&lt;100]","&lt;100 [&lt;100–&lt;100]","&lt;100 [&lt;100–&lt;100]","&lt;100 [&lt;100–&lt;100]","&lt;100 [&lt;100–&lt;100]","&lt;100 [&lt;100–&lt;100]","&lt;100 [&lt;100–&lt;100]","&lt;100 [&lt;100–&lt;100]","&lt;100 [&lt;100–&lt;100]","&lt;100 [&lt;100–&lt;100]","&lt;100 [&lt;100–&lt;100]","&lt;100 [&lt;100–&lt;100]"
"Montenegro","&lt;100 [&lt;100–&lt;100]","&lt;100 [&lt;100–&lt;100]","&lt;100 [&lt;100–&lt;100]","&lt;100 [&lt;100–&lt;100]","&lt;100 [&lt;100–&lt;100]","&lt;100 [&lt;100–&lt;100]","&lt;100 [&lt;100–&lt;100]","&lt;100 [&lt;100–&lt;100]","&lt;100 [&lt;100–&lt;100]","&lt;100 [&lt;100–&lt;100]","&lt;100 [&lt;100–&lt;100]","&lt;100 [&lt;100–&lt;100]","&lt;100 [&lt;100–&lt;100]","&lt;100 [&lt;100–&lt;100]","&lt;100 [&lt;100–&lt;100]","&lt;100 [&lt;100–&lt;100]","&lt;100 [&lt;100–&lt;100]","&lt;100 [&lt;100–&lt;100]","&lt;100 [&lt;100–&lt;100]","&lt;100 [&lt;100–&lt;100]"
"Morocco","&lt;500 [&lt;200–&lt;500]","&lt;500 [&lt;500–560]","&lt;500 [&lt;500–590]","&lt;500 [&lt;500–630]","&lt;500 [&lt;500–630]","&lt;500 [&lt;500–640]","&lt;500 [&lt;500–700]","500 [&lt;500–790]","550 [&lt;500–840]","530 [&lt;500–810]","530 [&lt;500–790]","560 [&lt;500–820]","530 [&lt;500–770]","&lt;500 [&lt;500–690]","&lt;500 [&lt;500–630]","&lt;500 [&lt;500–640]","580 [&lt;500–840]","550 [&lt;500–810]","&lt;500 [&lt;500–720]","&lt;500 [&lt;500–640]"
"Mozambique","51 000 [35 000–70 000]","53 000 [37 000–73 000]","54 000 [38 000–75 000]","55 000 [38 000–77 000]","59 000 [41 000–81 000]","64 000 [44 000–89 000]","65 000 [45 000–91 000]","64 000 [45 000–89 000]","63 000 [44 000–88 000]","63 000 [44 000–87 000]","61 000 [42 000–84 000]","64 000 [44 000–89 000]","70 000 [49 000–97 000]","72 000 [50 000–100 000]","69 000 [48 000–95 000]","63 000 [44 000–88 000]","58 000 [40 000–80 000]","51 000 [36 000–71 000]","45 000 [31 000–62 000]","38 000 [27 000–53 000]"
"Myanmar","7700 [5900–11 000]","8300 [6100–12 000]","8900 [6400–12 000]","9400 [7000–12 000]","9800 [7500–13 000]","10 000 [8000–12 000]","10 000 [8300–12 000]","11 000 [8900–13 000]","11 000 [9400–13 000]","11 000 [9500–13 000]","11 000 [9100–12 000]","11 000 [9200–12 000]","11 000 [9400–12 000]","11 000 [9200–12 000]","10 000 [8600–12 000]","9200 [7800–11 000]","8200 [6900–9500]","7200 [6000–8400]","6200 [5100–7300]","5300 [4200–6200]"
"Namibia","3000 [2500–3400]","3000 [2400–3400]","2800 [2400–3400]","3000 [2600–3600]","2800 [2300–3300]","2800 [2300–3300]","3100 [2700–3700]","3500 [2900–4100]","3600 [3000–4300]","3800 [3200–4500]","4200 [3500–4900]","4900 [4100–5800]","6000 [5000–7100]","7700 [6300–9000]","9400 [7800–11 000]","11 000 [8900–13 000]","10 000 [8300–12 000]","9300 [7500–11 000]","8300 [6600–10 000]","7300 [5800–9200]"
"Nepal","740 [570–1000]","800 [620–1100]","870 [670–1100]","880 [690–1100]","920 [730–1200]","990 [790–1200]","1000 [840–1300]","1100 [940–1400]","1300 [1000–1500]","1400 [1100–1600]","1400 [1200–1700]","1600 [1300–1900]","1700 [1400–2000]","1700 [1400–2000]","1500 [1200–1900]","1300 [990–1600]","1000 [770–1300]","800 [570–1000]","590 [&lt;500–770]","&lt;500 [&lt;500–540]"
"Netherlands","&lt;200 [&lt;200–&lt;500]","&lt;200 [&lt;200–&lt;500]","&lt;200 [&lt;200–&lt;500]","&lt;200 [&lt;200–&lt;500]","&lt;200 [&lt;200–&lt;500]","&lt;200 [&lt;200–&lt;500]","&lt;200 [&lt;200–&lt;500]","&lt;200 [&lt;200–&lt;500]","&lt;200 [&lt;200–&lt;500]","&lt;200 [&lt;200–&lt;500]","&lt;200 [&lt;200–&lt;500]","&lt;200 [&lt;200–&lt;500]","&lt;200 [&lt;200–&lt;500]","&lt;200 [&lt;200–&lt;500]","&lt;200 [&lt;200–&lt;500]","&lt;200 [&lt;200–&lt;500]","&lt;200 [&lt;200–&lt;500]","&lt;200 [&lt;200–&lt;500]","&lt;200 [&lt;200–&lt;200]","&lt;200 [&lt;200–&lt;200]"
"New Zealand","&lt;100 [&lt;100–&lt;100]","&lt;100 [&lt;100–&lt;100]","&lt;100 [&lt;100–&lt;100]","&lt;100 [&lt;100–&lt;100]","&lt;100 [&lt;100–&lt;100]","&lt;100 [&lt;100–&lt;100]","&lt;100 [&lt;100–&lt;100]","&lt;100 [&lt;100–&lt;100]","&lt;100 [&lt;100–&lt;100]","&lt;100 [&lt;100–&lt;100]","&lt;100 [&lt;100–&lt;100]","&lt;100 [&lt;100–&lt;100]","&lt;100 [&lt;100–&lt;100]","&lt;100 [&lt;100–&lt;100]","&lt;100 [&lt;100–&lt;100]","&lt;100 [&lt;100–&lt;100]","&lt;100 [&lt;100–&lt;100]","&lt;100 [&lt;100–&lt;100]","&lt;100 [&lt;100–&lt;100]","&lt;100 [&lt;100–&lt;100]"
"Nicaragua","&lt;200 [&lt;100–&lt;500]","&lt;200 [&lt;200–&lt;500]","&lt;200 [&lt;200–&lt;500]","&lt;500 [&lt;200–&lt;500]","&lt;500 [&lt;200–&lt;500]","&lt;500 [&lt;200–&lt;500]","&lt;500 [&lt;200–&lt;500]","&lt;500 [&lt;200–&lt;500]","&lt;500 [&lt;200–&lt;500]","&lt;500 [&lt;200–&lt;500]","&lt;500 [&lt;200–&lt;500]","&lt;500 [&lt;200–&lt;500]","&lt;500 [&lt;200–&lt;500]","&lt;500 [&lt;200–&lt;500]","&lt;500 [&lt;200–&lt;500]","&lt;500 [&lt;200–&lt;500]","&lt;500 [&lt;200–&lt;500]","&lt;200 [&lt;100–&lt;500]","&lt;200 [&lt;100–&lt;500]","&lt;200 [&lt;100–&lt;500]"
"Niger","1100 [880–1400]","1200 [970–1500]","1400 [1200–1700]","1600 [1300–2000]","1500 [1200–1900]","1300 [1000–1700]","1400 [1100–1800]","1600 [1200–2000]","1700 [1400–2200]","1900 [1500–2300]","2600 [2100–3300]","2800 [2200–3400]","2900 [2300–3500]","3100 [2500–3800]","3300 [2700–4100]","3300 [2600–4100]","3100 [2400–3900]","2900 [2300–3700]","2700 [2000–3500]","2400 [1800–3100]"
"Nigeria","45 000 [28 000–72 000]","43 000 [27 000–70 000]","43 000 [27 000–69 000]","42 000 [26 000–69 000]","43 000 [26 000–69 000]","46 000 [29 000–75 000]","55 000 [34 000–88 000]","65 000 [40 000–100 000]","70 000 [43 000–110 000]","69 000 [42 000–110 000]","69 000 [43 000–110 000]","74 000 [46 000–120 000]","72 000 [45 000–120 000]","76 000 [47 000–120 000]","76 000 [47 000–120 000]","77 000 [48 000–130 000]","76 000 [47 000–120 000]","72 000 [45 000–120 000]","67 000 [42 000–110 000]","62 000 [38 000–99 000]"
"Norway","No data","No data","No data","No data","No data","No data","No data","No data","No data","No data","No data","No data","No data","No data","No data","No data","No data","No data","No data","No data"
"Oman","&lt;100 [&lt;100–&lt;100]","&lt;100 [&lt;100–&lt;100]","&lt;100 [&lt;100–&lt;100]","&lt;100 [&lt;100–&lt;100]","&lt;100 [&lt;100–&lt;100]","&lt;100 [&lt;100–&lt;100]","&lt;100 [&lt;100–&lt;100]","&lt;100 [&lt;100–&lt;200]","&lt;100 [&lt;100–&lt;200]","&lt;100 [&lt;100–&lt;200]","&lt;100 [&lt;100–&lt;200]","&lt;100 [&lt;100–&lt;200]","&lt;100 [&lt;100–&lt;200]","&lt;100 [&lt;100–&lt;200]","&lt;100 [&lt;100–&lt;200]","&lt;100 [&lt;100–&lt;200]","&lt;100 [&lt;100–&lt;200]","&lt;100 [&lt;100–&lt;100]","&lt;100 [&lt;100–&lt;100]","&lt;100 [&lt;100–&lt;200]"
"Pakistan","6800 [5600–8000]","6400 [5200–7500]","5900 [4700–7000]","5400 [4200–6400]","4700 [3700–5700]","4100 [3100–5000]","3200 [2400–4000]","2600 [1800–3200]","1900 [1300–2400]","1400 [870–1800]","940 [590–1300]","650 [&lt;500–880]","&lt;500 [&lt;500–610]","&lt;500 [&lt;200–&lt;500]","&lt;200 [&lt;100–&lt;200]","&lt;100 [&lt;100–&lt;100]","&lt;100 [&lt;100–&lt;100]","&lt;100 [&lt;100–&lt;100]","&lt;100 [&lt;100–&lt;100]","&lt;100 [&lt;100–&lt;100]"
"Panama","No data","No data","No data","No data","No data","No data","No data","No data","No data","No data","No data","No data","No data","No data","No data","No data","No data","No data","No data","No data"
"Papua New Guinea","610 [500–750]","630 [510–770]","630 [530–780]","630 [530–780]","640 [530–780]","700 [580–870]","790 [660–950]","830 [690–1000]","810 [660–1000]","770 [610–940]","750 [590–900]","800 [640–970]","980 [780–1200]","1100 [880–1400]","1100 [810–1300]","900 [670–1100]","720 [530–930]","560 [&lt;500–740]","&lt;500 [&lt;500–560]","&lt;500 [&lt;500–&lt;500]"
"Paraguay","580 [&lt;500–1000]","710 [&lt;500–1200]","930 [590–1600]","880 [570–1500]","810 [520–1300]","840 [550–1300]","880 [580–1300]","870 [570–1300]","760 [500–1100]","780 [530–1200]","830 [580–1200]","890 [600–1300]","900 [590–1400]","910 [530–1400]","990 [540–1500]","910 [&lt;500–1400]","790 [&lt;500–1300]","670 [&lt;500–1200]","550 [&lt;500–1100]","&lt;500 [&lt;200–910]"
"Peru","850 [560–1200]","960 [640–1400]","1100 [720–1500]","1200 [720–1700]","980 [640–1400]","920 [600–1300]","890 [630–1200]","970 [700–1300]","1100 [830–1400]","1400 [1100–1800]","1900 [1500–2400]","2200 [1700–2700]","2700 [2200–3300]","3300 [2700–3900]","3700 [3000–4300]","3600 [3000–4300]","4000 [3300–4700]","4500 [3700–5300]","4600 [3800–5400]","4600 [3800–5500]"
"Philippines","1600 [1000–2400]","1500 [930–2200]","1300 [760–1800]","1100 [630–1600]","930 [530–1300]","790 [&lt;500–1200]","640 [&lt;500–930]","550 [&lt;500–770]","&lt;500 [&lt;500–670]","&lt;500 [&lt;500–510]","&lt;500 [&lt;200–&lt;500]","&lt;500 [&lt;200–&lt;500]","&lt;200 [&lt;200–&lt;500]","&lt;200 [&lt;200–&lt;500]","&lt;200 [&lt;100–&lt;200]","&lt;200 [&lt;100–&lt;200]","&lt;100 [&lt;100–&lt;200]","&lt;100 [&lt;100–&lt;100]","&lt;100 [&lt;100–&lt;100]","&lt;100 [&lt;100–&lt;100]"
"Poland","No data","No data","No data","No data","No data","No data","No data","No data","No data","No data","No data","No data","No data","No data","No data","No data","No data","No data","No data","No data"
"Portugal","No data","No data","No data","No data","No data","No data","No data","No data","No data","No data","No data","No data","No data","No data","No data","No data","No data","No data","No data","No data"
"Qatar","No data","No data","No data","No data","No data","No data","No data","No data","No data","No data","No data","No data","No data","No data","No data","No data","No data","No data","No data","No data"
"Republic of Korea","No data","No data","No data","No data","No data","No data","No data","No data","No data","No data","No data","No data","No data","No data","No data","No data","No data","No data","No data","No data"
"Republic of Moldova","&lt;500 [&lt;500–&lt;500]","&lt;500 [&lt;500–&lt;500]","&lt;500 [&lt;500–520]","&lt;500 [&lt;500–560]","&lt;500 [&lt;500–640]","&lt;500 [&lt;500–670]","&lt;500 [&lt;500–680]","&lt;500 [&lt;500–670]","510 [&lt;500–700]","&lt;500 [&lt;500–680]","&lt;500 [&lt;500–680]","&lt;500 [&lt;500–670]","500 [&lt;500–680]","&lt;500 [&lt;500–660]","&lt;500 [&lt;500–620]","&lt;500 [&lt;500–570]","&lt;500 [&lt;500–&lt;500]","&lt;500 [&lt;500–&lt;500]","&lt;500 [&lt;200–&lt;500]","&lt;200 [&lt;200–&lt;500]"
"North Macedonia","No data","No data","No data","No data","No data","No data","No data","No data","No data","No data","No data","No data","No data","No data","No data","No data","No data","No data","No data","No data"
"Romania","&lt;500 [&lt;200–&lt;500]","&lt;500 [&lt;200–&lt;500]","&lt;200 [&lt;200–&lt;500]","&lt;200 [&lt;200–&lt;500]","&lt;500 [&lt;200–&lt;500]","&lt;500 [&lt;200–&lt;500]","&lt;500 [&lt;200–&lt;500]","&lt;200 [&lt;200–&lt;500]","&lt;200 [&lt;100–&lt;500]","&lt;200 [&lt;100–&lt;500]","&lt;200 [&lt;200–&lt;500]","&lt;200 [&lt;200–&lt;500]","&lt;200 [&lt;200–&lt;500]","&lt;200 [&lt;200–&lt;500]","&lt;500 [&lt;200–&lt;500]","&lt;500 [&lt;500–&lt;500]","&lt;500 [&lt;500–510]","&lt;500 [&lt;500–640]","&lt;500 [&lt;500–760]","&lt;500 [&lt;500–830]"
"Russian Federation","No data","No data","No data","No data","No data","No data","No data","No data","No data","No data","No data","No data","No data","No data","No data","No data","No data","No data","No data","No data"
"Rwanda","2800 [2400–3300]","2900 [2500–3400]","3100 [2600–3600]","3100 [2600–3700]","3200 [2700–3900]","3400 [2900–4200]","3700 [3100–4500]","4000 [3300–5000]","4400 [3600–5400]","5000 [4200–6100]","5700 [4800–6900]","6500 [5500–7800]","7500 [6300–8900]","9400 [8200–11 000]","13 000 [11 000–14 000]","15 000 [13 000–17 000]","15 000 [13 000–18 000]","15 000 [12 000–17 000]","14 000 [11 000–17 000]","13 000 [9700–16 000]"
"Saudi Arabia","No data","No data","No data","No data","No data","No data","No data","No data","No data","No data","No data","No data","No data","No data","No data","No data","No data","No data","No data","No data"
"Senegal","1200 [980–1500]","1400 [1200–1700]","1500 [1300–1900]","1600 [1300–2000]","1800 [1400–2100]","1800 [1500–2200]","1800 [1400–2100]","1700 [1400–2000]","1600 [1300–2000]","1600 [1300–1900]","1600 [1300–1900]","1800 [1500–2100]","3000 [2500–3400]","3200 [2700–3700]","3000 [2500–3600]","2800 [2300–3300]","2600 [2100–3100]","2300 [1900–2900]","2100 [1700–2700]","1900 [1500–2400]"
"Serbia","&lt;100 [&lt;100–&lt;100]","&lt;100 [&lt;100–&lt;100]","&lt;100 [&lt;100–&lt;100]","&lt;100 [&lt;100–&lt;100]","&lt;100 [&lt;100–&lt;100]","&lt;100 [&lt;100–&lt;100]","&lt;100 [&lt;100–&lt;100]","&lt;100 [&lt;100–&lt;100]","&lt;100 [&lt;100–&lt;100]","&lt;100 [&lt;100–&lt;100]","&lt;100 [&lt;100–&lt;100]","&lt;100 [&lt;100–&lt;100]","&lt;100 [&lt;100–&lt;100]","&lt;100 [&lt;100–&lt;100]","&lt;100 [&lt;100–&lt;100]","&lt;100 [&lt;100–&lt;100]","&lt;100 [&lt;100–&lt;100]","&lt;100 [&lt;100–&lt;200]","&lt;200 [&lt;100–&lt;200]","&lt;200 [&lt;100–&lt;200]"
"Sierra Leone","2600 [2000–3100]","2800 [2300–3300]","3100 [2600–3600]","3300 [2800–3900]","3400 [2900–4100]","3300 [2800–4000]","3100 [2600–3700]","3100 [2500–3600]","3200 [2700–3800]","3400 [2900–4000]","3800 [3100–4300]","4000 [3300–4700]","4100 [3300–4800]","4100 [3300–4900]","4100 [3200–5000]","3900 [3000–4800]","3600 [2700–4500]","3300 [2400–4300]","3000 [2200–4000]","2700 [1900–3800]"
"Singapore","&lt;100 [&lt;100–&lt;100]","&lt;100 [&lt;100–&lt;200]","&lt;100 [&lt;100–&lt;200]","&lt;100 [&lt;100–&lt;100]","&lt;100 [&lt;100–&lt;100]","&lt;100 [&lt;100–&lt;100]","&lt;100 [&lt;100–&lt;200]","&lt;100 [&lt;100–&lt;200]","&lt;100 [&lt;100–&lt;200]","&lt;100 [&lt;100–&lt;200]","&lt;200 [&lt;100–&lt;200]","&lt;200 [&lt;100–&lt;200]","&lt;200 [&lt;200–&lt;200]","&lt;200 [&lt;200–&lt;500]","&lt;500 [&lt;200–&lt;500]","&lt;200 [&lt;200–&lt;500]","&lt;200 [&lt;200–&lt;500]","&lt;200 [&lt;200–&lt;200]","&lt;200 [&lt;200–&lt;200]","&lt;200 [&lt;100–&lt;200]"
"Slovakia","No data","No data","No data","No data","No data","No data","No data","No data","No data","No data","No data","No data","No data","No data","No data","No data","No data","No data","No data","No data"
"Slovenia","No data","No data","No data","No data","No data","No data","No data","No data","No data","No data","No data","No data","No data","No data","No data","No data","No data","No data","No data","No data"
"Somalia","620 [&lt;500–750]","670 [530–800]","740 [600–890]","820 [680–960]","920 [760–1100]","960 [800–1100]","1000 [870–1200]","1100 [940–1200]","1100 [980–1300]","1200 [1000–1400]","1200 [1100–1400]","1300 [1100–1500]","1300 [1100–1500]","1300 [1100–1500]","1200 [1000–1500]","1200 [930–1400]","1100 [850–1400]","1000 [770–1300]","900 [680–1200]","800 [600–1000]"
"South Africa","72 000 [58 000–89 000]","76 000 [61 000–96 000]","79 000 [63 000–100 000]","85 000 [67 000–110 000]","89 000 [70 000–110 000]","95 000 [74 000–120 000]","110 000 [85 000–130 000]","130 000 [100 000–150 000]","160 000 [130 000–190 000]","180 000 [150 000–220 000]","210 000 [170 000–240 000]","240 000 [200 000–280 000]","270 000 [220 000–320 000]","290 000 [230 000–340 000]","280 000 [220 000–330 000]","260 000 [200 000–320 000]","230 000 [170 000–300 000]","210 000 [150 000–270 000]","180 000 [130 000–240 000]","150 000 [100 000–210 000]"
"South Sudan","9100 [6200–12 000]","9500 [6500–13 000]","9800 [6800–13 000]","9500 [6600–13 000]","10 000 [7300–13 000]","11 000 [8000–14 000]","11 000 [8400–15 000]","11 000 [8200–15 000]","11 000 [8000–15 000]","11 000 [7700–14 000]","11 000 [7800–14 000]","11 000 [7500–14 000]","10 000 [7000–14 000]","9500 [6400–13 000]","8900 [5900–12 000]","8200 [5400–11 000]","7500 [5000–11 000]","6900 [4500–10 000]","6300 [3900–9200]","5600 [3400–8500]"
"Spain","890 [620–1200]","890 [610–1200]","920 [630–1300]","950 [660–1300]","970 [650–1300]","990 [670–1400]","1000 [700–1400]","1100 [760–1500]","1100 [800–1500]","1300 [890–1700]","1400 [990–1800]","1400 [1000–1800]","1400 [1000–1900]","1500 [1000–1900]","1500 [1000–2000]","1500 [1000–2000]","1500 [1100–2000]","1600 [1100–2000]","1600 [1200–2100]","1700 [1200–2200]"
"Sri Lanka","&lt;200 [&lt;200–&lt;200]","&lt;200 [&lt;200–&lt;500]","&lt;500 [&lt;200–&lt;500]","&lt;500 [&lt;200–&lt;500]","&lt;500 [&lt;200–&lt;500]","&lt;500 [&lt;500–&lt;500]","&lt;500 [&lt;500–&lt;500]","&lt;500 [&lt;500–&lt;500]","&lt;500 [&lt;200–&lt;500]","&lt;500 [&lt;200–&lt;500]","&lt;500 [&lt;200–&lt;500]","&lt;500 [&lt;200–&lt;500]","&lt;500 [&lt;200–&lt;500]","&lt;200 [&lt;200–&lt;500]","&lt;200 [&lt;200–&lt;500]","&lt;200 [&lt;200–&lt;200]","&lt;200 [&lt;200–&lt;200]","&lt;200 [&lt;100–&lt;200]","&lt;100 [&lt;100–&lt;200]","&lt;100 [&lt;100–&lt;100]"
"Sudan","2300 [1800–3000]","2400 [1900–3100]","2600 [2100–3300]","2900 [2300–3600]","2900 [2300–3600]","2900 [2300–3500]","2900 [2400–3600]","2800 [2200–3500]","2500 [2000–3200]","2300 [1700–2900]","2400 [1700–3000]","2700 [1900–3500]","2600 [1700–3500]","2400 [1500–3400]","2200 [1200–3300]","2000 [1000–3300]","1800 [820–3200]","1500 [620–2900]","1300 [&lt;500–2600]","1100 [&lt;500–2300]"
"Suriname","&lt;200 [&lt;100–&lt;500]","&lt;200 [&lt;100–&lt;500]","&lt;200 [&lt;100–&lt;500]","&lt;200 [&lt;100–&lt;500]","&lt;200 [&lt;100–&lt;500]","&lt;200 [&lt;200–&lt;500]","&lt;200 [&lt;200–&lt;500]","&lt;200 [&lt;200–&lt;500]","&lt;200 [&lt;200–&lt;500]","&lt;200 [&lt;200–&lt;500]","&lt;200 [&lt;200–&lt;500]","&lt;200 [&lt;200–&lt;500]","&lt;200 [&lt;200–&lt;500]","&lt;200 [&lt;200–&lt;500]","&lt;500 [&lt;200–&lt;500]","&lt;500 [&lt;200–&lt;500]","&lt;500 [&lt;200–&lt;500]","&lt;500 [&lt;200–&lt;500]","&lt;500 [&lt;200–&lt;500]","&lt;200 [&lt;200–&lt;500]"
"Sweden","No data","No data","No data","No data","No data","No data","No data","No data","No data","No data","No data","No data","No data","No data","No data","No data","No data","No data","No data","No data"
"Switzerland","&lt;100 [&lt;100–&lt;200]","&lt;200 [&lt;100–&lt;200]","&lt;200 [&lt;100–&lt;200]","&lt;200 [&lt;100–&lt;200]","&lt;200 [&lt;100–&lt;200]","&lt;200 [&lt;100–&lt;200]","&lt;200 [&lt;100–&lt;200]","&lt;200 [&lt;100–&lt;200]","&lt;200 [&lt;100–&lt;200]","&lt;200 [&lt;100–&lt;200]","&lt;200 [&lt;200–&lt;500]","&lt;200 [&lt;200–&lt;500]","&lt;200 [&lt;200–&lt;500]","&lt;200 [&lt;200–&lt;500]","&lt;200 [&lt;200–&lt;500]","&lt;200 [&lt;200–&lt;500]","&lt;200 [&lt;200–&lt;500]","&lt;200 [&lt;200–&lt;500]","&lt;500 [&lt;200–&lt;500]","&lt;500 [&lt;200–&lt;500]"
"Syrian Arab Republic","&lt;100 [&lt;100–&lt;100]","&lt;100 [&lt;100–&lt;100]","&lt;100 [&lt;100–&lt;100]","&lt;100 [&lt;100–&lt;100]","&lt;100 [&lt;100–&lt;100]","&lt;100 [&lt;100–&lt;100]","&lt;100 [&lt;100–&lt;100]","&lt;100 [&lt;100–&lt;100]","&lt;100 [&lt;100–&lt;100]","&lt;100 [&lt;100–&lt;100]","&lt;100 [&lt;100–&lt;100]","&lt;100 [&lt;100–&lt;100]","&lt;100 [&lt;100–&lt;100]","&lt;100 [&lt;100–&lt;100]","&lt;100 [&lt;100–&lt;100]","&lt;100 [&lt;100–&lt;100]","&lt;100 [&lt;100–&lt;100]","&lt;100 [&lt;100–&lt;100]","&lt;100 [&lt;100–&lt;100]","&lt;100 [&lt;100–&lt;100]"
"Tajikistan","&lt;500 [&lt;500–&lt;500]","&lt;500 [&lt;500–&lt;500]","&lt;500 [&lt;500–&lt;500]","&lt;500 [&lt;500–&lt;500]","&lt;500 [&lt;500–&lt;500]","&lt;500 [&lt;200–&lt;500]","&lt;200 [&lt;200–&lt;500]","&lt;200 [&lt;200–&lt;500]","&lt;200 [&lt;100–&lt;500]","&lt;100 [&lt;100–&lt;200]","&lt;100 [&lt;100–&lt;200]","&lt;100 [&lt;100–&lt;200]","&lt;100 [&lt;100–&lt;200]","&lt;100 [&lt;100–&lt;100]","&lt;100 [&lt;100–&lt;100]","&lt;100 [&lt;100–&lt;100]","&lt;100 [&lt;100–&lt;100]","&lt;100 [&lt;100–&lt;100]","&lt;100 [&lt;100–&lt;100]","&lt;100 [&lt;100–&lt;100]"
"Thailand","14 000 [10 000–19 000]","16 000 [12 000–23 000]","18 000 [13 000–26 000]","20 000 [14 000–29 000]","20 000 [14 000–30 000]","22 000 [15 000–31 000]","23 000 [15 000–32 000]","23 000 [16 000–31 000]","24 000 [17 000–33 000]","25 000 [17 000–34 000]","26 000 [17 000–35 000]","27 000 [18 000–37 000]","28 000 [20 000–38 000]","32 000 [24 000–41 000]","42 000 [34 000–51 000]","52 000 [45 000–61 000]","57 000 [50 000–65 000]","60 000 [53 000–67 000]","59 000 [51 000–67 000]","57 000 [48 000–66 000]"
"Timor-Leste","&lt;100 [&lt;100–&lt;100]","&lt;100 [&lt;100–&lt;100]","&lt;100 [&lt;100–&lt;100]","&lt;100 [&lt;100–&lt;100]","&lt;100 [&lt;100–&lt;100]","&lt;100 [&lt;100–&lt;100]","&lt;100 [&lt;100–&lt;100]","&lt;100 [&lt;100–&lt;100]","&lt;100 [&lt;100–&lt;100]","&lt;100 [&lt;100–&lt;100]","&lt;100 [&lt;100–&lt;100]","&lt;100 [&lt;100–&lt;100]","&lt;100 [&lt;100–&lt;100]","&lt;100 [&lt;100–&lt;100]","&lt;100 [&lt;100–&lt;100]","&lt;100 [&lt;100–&lt;100]","&lt;100 [&lt;100–&lt;100]","&lt;100 [&lt;100–&lt;100]","&lt;100 [&lt;100–&lt;100]","&lt;100 [&lt;100–&lt;100]"
"Togo","3000 [2400–4100]","3600 [2800–4700]","3800 [2900–5000]","4000 [3000–5200]","4000 [3000–5300]","3800 [2800–5000]","3700 [2800–5000]","3900 [2900–5200]","4300 [3300–5500]","5400 [4200–6700]","6200 [4800–7700]","6700 [5200–8200]","6500 [5000–8000]","6300 [4900–8000]","7100 [5600–8900]","7200 [5700–9100]","7300 [5700–9200]","7000 [5400–8900]","6600 [5000–8500]","6100 [4600–7900]"
"Trinidad and Tobago","&lt;200 [&lt;200–&lt;500]","&lt;500 [&lt;200–&lt;500]","&lt;500 [&lt;200–&lt;500]","&lt;200 [&lt;200–&lt;500]","&lt;200 [&lt;200–&lt;500]","&lt;200 [&lt;200–&lt;500]","&lt;200 [&lt;200–&lt;500]","&lt;500 [&lt;200–&lt;500]","&lt;500 [&lt;200–&lt;500]","&lt;500 [&lt;500–&lt;500]","&lt;500 [&lt;500–&lt;500]","&lt;500 [&lt;500–&lt;500]","&lt;500 [&lt;500–&lt;500]","&lt;500 [&lt;500–&lt;500]","&lt;500 [&lt;500–&lt;500]","&lt;500 [&lt;500–&lt;500]","&lt;500 [&lt;500–520]","&lt;500 [&lt;500–580]","&lt;500 [&lt;500–590]","&lt;500 [&lt;500–540]"
"Tunisia","&lt;500 [&lt;200–&lt;500]","&lt;500 [&lt;200–&lt;500]","&lt;500 [&lt;200–&lt;500]","&lt;500 [&lt;200–&lt;500]","&lt;200 [&lt;200–&lt;500]","&lt;200 [&lt;100–&lt;500]","&lt;200 [&lt;100–&lt;500]","&lt;100 [&lt;100–&lt;200]","&lt;100 [&lt;100–&lt;200]","&lt;100 [&lt;100–&lt;200]","&lt;100 [&lt;100–&lt;200]","&lt;100 [&lt;100–&lt;200]","&lt;100 [&lt;100–&lt;200]","&lt;100 [&lt;100–&lt;200]","&lt;100 [&lt;100–&lt;200]","&lt;100 [&lt;100–&lt;200]","&lt;100 [&lt;100–&lt;200]","&lt;100 [&lt;100–&lt;200]","&lt;100 [&lt;100–&lt;200]","&lt;100 [&lt;100–&lt;500]"
"Turkey","No data","No data","No data","No data","No data","No data","No data","No data","No data","No data","No data","No data","No data","No data","No data","No data","No data","No data","No data","No data"
"Turkmenistan","No data","No data","No data","No data","No data","No data","No data","No data","No data","No data","No data","No data","No data","No data","No data","No data","No data","No data","No data","No data"
"Uganda","21 000 [17 000–29 000]","23 000 [19 000–32 000]","25 000 [21 000–35 000]","26 000 [21 000–36 000]","29 000 [24 000–40 000]","34 000 [28 000–45 000]","39 000 [33 000–51 000]","45 000 [38 000–57 000]","49 000 [42 000–61 000]","53 000 [46 000–66 000]","57 000 [49 000–69 000]","63 000 [54 000–75 000]","64 000 [56 000–76 000]","60 000 [53 000–70 000]","67 000 [59 000–77 000]","78 000 [68 000–88 000]","81 000 [71 000–92 000]","83 000 [73 000–95 000]","85 000 [74 000–97 000]","84 000 [73 000–96 000]"
"Ukraine","5900 [4500–8000]","7100 [5600–9400]","8200 [6600–10 000]","10 000 [8300–12 000]","9400 [7800–12 000]","9800 [8300–12 000]","11 000 [9500–13 000]","13 000 [11 000–15 000]","13 000 [11 000–15 000]","13 000 [11 000–15 000]","14 000 [12 000–16 000]","14 000 [12 000–16 000]","13 000 [11 000–16 000]","12 000 [10 000–15 000]","11 000 [9100–14 000]","10 000 [7900–13 000]","8700 [6500–11 000]","7200 [5200–9400]","5800 [4000–7800]","4500 [3000–6200]"
"United Arab Emirates","No data","No data","No data","No data","No data","No data","No data","No data","No data","No data","No data","No data","No data","No data","No data","No data","No data","No data","No data","No data"
"United Kingdom of Great Britain and Northern Ireland","No data","No data","No data","No data","No data","No data","No data","No data","No data","No data","No data","No data","No data","No data","No data","No data","No data","No data","No data","No data"
"United Republic of Tanzania","27 000 [23 000–32 000]","28 000 [24 000–33 000]","29 000 [25 000–34 000]","30 000 [26 000–35 000]","32 000 [28 000–37 000]","34 000 [30 000–40 000]","40 000 [36 000–46 000]","50 000 [45 000–56 000]","50 000 [45 000–56 000]","52 000 [47 000–58 000]","55 000 [50 000–61 000]","57 000 [51 000–62 000]","73 000 [67 000–79 000]","90 000 [82 000–95 000]","96 000 [88 000–100 000]","95 000 [86 000–100 000]","93 000 [83 000–100 000]","89 000 [79 000–97 000]","85 000 [74 000–94 000]","80 000 [69 000–90 000]"
"United States of America","No data","7800 [5800–10 000]","7600 [5600–10 000]","7400 [5500–10 000]","7600 [5600–10 000]","7900 [5800–11 000]","8600 [6400–12 000]","10 000 [7400–13 000]","12 000 [9000–16 000]","12 000 [9200–16 000]","12 000 [8900–16 000]","12 000 [9000–16 000]","11 000 [8300–15 000]","11 000 [8300–15 000]","11 000 [8200–15 000]","11 000 [7900–15 000]","11 000 [7900–16 000]","12 000 [8400–17 000]","14 000 [9300–19 000]","14 000 [9900–19 000]"
"Uruguay","No data","No data","No data","No data","No data","No data","No data","No data","No data","No data","No data","No data","No data","No data","No data","No data","No data","No data","No data","No data"
"Uzbekistan","720 [590–870]","840 [720–980]","1000 [870–1200]","1000 [900–1200]","1100 [920–1200]","1000 [870–1200]","950 [800–1100]","840 [720–980]","760 [630–890]","730 [610–840]","760 [640–860]","760 [660–850]","750 [650–830]","780 [680–870]","630 [550–710]","&lt;500 [&lt;500–&lt;500]","&lt;200 [&lt;200–&lt;500]","&lt;200 [&lt;100–&lt;200]","&lt;100 [&lt;100–&lt;200]","&lt;100 [&lt;100–&lt;100]"
"Venezuela (Bolivarian Republic of)","7500 [5800–9200]","5600 [4200–7200]","3500 [2600–4500]","2700 [2100–3500]","3500 [2600–4400]","3300 [2400–4300]","2900 [2100–3700]","2600 [2000–3400]","2300 [1800–3000]","2300 [1800–2900]","2300 [1800–2800]","2200 [1700–2800]","2100 [1700–2700]","2300 [1800–2900]","2100 [1600–2700]","1900 [1500–2400]","1800 [1400–2200]","1700 [1400–2200]","1800 [1400–2200]","1900 [1500–2300]"
"Viet Nam","5000 [3700–7200]","5000 [3700–7000]","5200 [3900–7100]","5400 [4100–7200]","5900 [4500–7800]","6100 [4600–7900]","6400 [4900–8100]","7200 [5600–8900]","8100 [6400–9700]","8400 [6600–9900]","9000 [7200–11 000]","9900 [8000–11 000]","11 000 [9100–13 000]","13 000 [10 000–15 000]","13 000 [11 000–15 000]","12 000 [9600–14 000]","11 000 [8400–13 000]","9100 [7200–11 000]","7700 [5800–9800]","6300 [4600–8200]"
"Yemen","&lt;500 [&lt;500–740]","&lt;500 [&lt;500–670]","&lt;500 [&lt;200–620]","&lt;500 [&lt;200–580]","&lt;500 [&lt;200–&lt;500]","&lt;500 [&lt;200–&lt;500]","&lt;500 [&lt;200–&lt;500]","&lt;500 [&lt;200–&lt;500]","&lt;200 [&lt;100–&lt;500]","&lt;200 [&lt;100–&lt;500]","&lt;200 [&lt;100–&lt;500]","&lt;200 [&lt;100–&lt;500]","&lt;200 [&lt;200–&lt;500]","&lt;200 [&lt;100–&lt;500]","&lt;200 [&lt;100–&lt;500]","&lt;200 [&lt;100–&lt;500]","&lt;100 [&lt;100–&lt;500]","&lt;100 [&lt;100–&lt;500]","&lt;100 [&lt;100–&lt;200]","&lt;100 [&lt;100–&lt;200]"
"Zambia","17 000 [14 000–21 000]","17 000 [14 000–20 000]","16 000 [13 000–19 000]","17 000 [14 000–20 000]","18 000 [15 000–21 000]","18 000 [15 000–21 000]","19 000 [16 000–23 000]","20 000 [17 000–24 000]","21 000 [18 000–25 000]","24 000 [20 000–28 000]","28 000 [23 000–33 000]","34 000 [28 000–41 000]","42 000 [35 000–51 000]","47 000 [39 000–56 000]","52 000 [43 000–62 000]","55 000 [46 000–66 000]","61 000 [50 000–72 000]","60 000 [50 000–71 000]","57 000 [47 000–68 000]","54 000 [45 000–64 000]"
"Zimbabwe","20 000 [16 000–25 000]","22 000 [18 000–27 000]","23 000 [19 000–28 000]","23 000 [19 000–28 000]","24 000 [19 000–29 000]","25 000 [21 000–31 000]","28 000 [23 000–34 000]","33 000 [27 000–40 000]","40 000 [33 000–49 000]","52 000 [42 000–63 000]","63 000 [52 000–78 000]","75 000 [61 000–92 000]","86 000 [71 000–110 000]","99 000 [81 000–120 000]","110 000 [88 000–130 000]","120 000 [95 000–140 000]","120 000 [97 000–150 000]","120 000 [97 000–150 000]","120 000 [96 000–140 000]","110 000 [93 000–140 000]"
